scenario,estimator,reference_every_n,n_runs,recall_mean,recall_median,recall_q1,recall_q3,faults_hit,faults_missed,n_delay,delay_median,delay_q1,delay_q3,false_alarms_per_hour
S4_step_fault,kalman,1,15,0.5333333333333333,0.5,0.5,0.75,16,14,12,426.50001199999997,228.268848625,781.008205625,1.0
S4_step_fault,kalman,2,15,0.36666666666666664,0.5,0.0,0.5,11,19,10,437.9915765,233.08798375,626.9621999999999,0.5
S4_step_fault,kalman,3,15,0.4666666666666667,0.5,0.0,0.75,14,16,10,801.145216,570.341237,1271.5743889999999,0.3125
S4_step_fault,kalman,5,15,0.3,0.5,0.0,0.5,9,21,8,814.509687,534.9301625,1161.13444175,0.1875
S4_step_fault,kalman,10,15,0.3,0.5,0.0,0.5,9,21,9,1030.27724,787.408976,1424.146063,0.0625
S4_step_fault,kalman,20,15,0.03333333333333333,0.0,0.0,0.0,1,29,1,1607.200433,1607.200433,1607.200433,0.0625
S4_step_fault,kalman,50,15,0.0,0.0,0.0,0.0,0,30,0,,,,0.0
S4_step_fault,rls,1,15,0.6,0.5,0.5,1.0,18,12,12,291.85477775000004,171.45306825,758.8771327500001,1.0
S4_step_fault,rls,2,15,0.43333333333333335,0.5,0.25,0.5,13,17,11,400.15222,269.573368,639.1753435,0.4375
S4_step_fault,rls,3,15,0.36666666666666664,0.5,0.0,0.5,11,19,8,1120.001994,443.440135375,1266.4953471249999,0.375
S4_step_fault,rls,5,15,0.26666666666666666,0.5,0.0,0.5,8,22,8,639.6038920000001,386.83369550000003,1093.586233,0.1875
S4_step_fault,rls,10,15,0.3,0.5,0.0,0.5,9,21,9,1030.27724,776.95575,1180.525167,0.0625
S4_step_fault,rls,20,15,0.03333333333333333,0.0,0.0,0.0,1,29,1,1786.146352,1786.146352,1786.146352,0.0625
S4_step_fault,rls,50,15,0.0,0.0,0.0,0.0,0,30,0,,,,0.0
S4_step_fault,static_affine,1,15,0.7,0.5,0.5,1.0,21,9,14,691.5279375,232.899787375,1079.2154455,0.9375
S4_step_fault,static_affine,2,15,0.4666666666666667,0.5,0.0,0.75,14,16,10,463.32951925,371.664093375,536.4206295,0.4375
S4_step_fault,static_affine,3,15,0.26666666666666666,0.0,0.0,0.5,8,22,7,499.768219,279.4038565,992.464025,0.3125
S4_step_fault,static_affine,5,15,0.16666666666666666,0.0,0.0,0.25,5,25,4,590.8055095,526.309089,711.5877069999999,0.1875
S4_step_fault,static_affine,10,15,0.36666666666666664,0.5,0.25,0.5,11,19,11,787.408976,662.7587599999999,1123.41122,0.0625
S4_step_fault,static_affine,20,15,0.0,0.0,0.0,0.0,0,30,0,,,,0.0625
S4_step_fault,static_affine,50,15,0.0,0.0,0.0,0.0,0,30,0,,,,0.0
S4_step_fault,all,1,45,0.6111111111111112,0.5,0.5,1.0,55,35,38,405.424774,209.37901375,883.002688875,1.0
S4_step_fault,all,2,45,0.4222222222222222,0.5,0.0,0.5,38,52,31,428.4531255,287.20777599999997,548.8179044999999,0.5
S4_step_fault,all,3,45,0.36666666666666664,0.5,0.0,0.5,33,57,25,825.988254,313.230582,1256.962414,0.3125
S4_step_fault,all,5,45,0.24444444444444444,0.0,0.0,0.5,22,68,20,604.3182684999999,432.20610750000003,1040.5580585,0.1875
S4_step_fault,all,10,45,0.32222222222222224,0.5,0.0,0.5,29,61,29,1030.27724,742.180685,1390.892524,0.0625
S4_step_fault,all,20,45,0.022222222222222223,0.0,0.0,0.0,2,88,2,1696.6733924999999,1651.93691275,1741.40987225,0.0625
S4_step_fault,all,50,45,0.0,0.0,0.0,0.0,0,90,0,,,,0.0
S7_sparse_reference,kalman,1,15,0.9333333333333333,1.0,1.0,1.0,14,1,14,699.549382,299.10587675,947.02337975,2.8333333333333335
S7_sparse_reference,kalman,2,15,0.6666666666666666,1.0,0.0,1.0,10,5,10,937.101267,685.934088,1382.38634425,1.3333333333333333
S7_sparse_reference,kalman,3,15,0.2,0.0,0.0,0.0,3,12,3,1141.506175,757.819791,1299.435814,0.9166666666666666
S7_sparse_reference,kalman,5,15,0.2,0.0,0.0,0.0,3,12,3,381.92549,199.99170450000003,687.3518750000001,0.5
S7_sparse_reference,kalman,10,15,0.2,0.0,0.0,0.0,3,12,3,1304.036489,1216.7081425000001,1363.8612595,0.25
S7_sparse_reference,kalman,20,15,0.2,0.0,0.0,0.0,3,12,3,1129.379796,1043.1080465,1413.371436,0.16666666666666666
S7_sparse_reference,kalman,50,15,0.06666666666666667,0.0,0.0,0.0,1,14,1,1239.206154,1239.206154,1239.206154,0.08333333333333333
S7_sparse_reference,rls,1,15,0.9333333333333333,1.0,1.0,1.0,14,1,14,700.479969,378.01704374999997,869.1021635,2.75
S7_sparse_reference,rls,2,15,0.8,1.0,1.0,1.0,12,3,12,757.5543869999999,418.38335275,1128.6112,1.3333333333333333
S7_sparse_reference,rls,3,15,0.2,0.0,0.0,0.0,3,12,3,374.133407,193.811284,945.919376,0.9166666666666666
S7_sparse_reference,rls,5,15,0.2,0.0,0.0,0.0,3,12,3,992.77826,687.3518750000001,1042.6098415000001,0.5
S7_sparse_reference,rls,10,15,0.26666666666666666,0.0,0.0,0.5,4,11,4,1216.7081425000001,1101.9165315,1333.94887425,0.25
S7_sparse_reference,rls,20,15,0.2,0.0,0.0,0.0,3,12,3,1696.366032,1412.872914,1696.864554,0.08333333333333333
S7_sparse_reference,rls,50,15,0.06666666666666667,0.0,0.0,0.0,1,14,1,1239.206154,1239.206154,1239.206154,0.08333333333333333
S7_sparse_reference,static_affine,1,15,0.9333333333333333,1.0,1.0,1.0,14,1,14,700.479969,527.137308,912.59649125,2.8333333333333335
S7_sparse_reference,static_affine,2,15,0.6666666666666666,1.0,0.0,1.0,10,5,10,962.0317130000001,796.9802912499999,1401.388782,1.3333333333333333
S7_sparse_reference,static_affine,3,15,0.5333333333333333,1.0,0.0,1.0,8,7,8,549.9146455,303.39215575,800.76741975,0.9166666666666666
S7_sparse_reference,static_affine,5,15,0.4,0.0,0.0,1.0,6,9,6,620.0960545,155.21565049999998,1218.57067875,0.5833333333333334
S7_sparse_reference,static_affine,10,15,0.2,0.0,0.0,0.0,3,12,3,1304.036489,1216.7081425000001,1395.0183575,0.25
S7_sparse_reference,static_affine,20,15,0.2,0.0,0.0,0.0,3,12,3,1696.366032,970.485912,1696.864554,0.16666666666666666
S7_sparse_reference,static_affine,50,15,0.06666666666666667,0.0,0.0,0.0,1,14,1,1239.206154,1239.206154,1239.206154,0.08333333333333333
S7_sparse_reference,all,1,45,0.9333333333333333,1.0,1.0,1.0,42,3,42,699.549382,322.73943125,896.619266,2.8333333333333335
S7_sparse_reference,all,2,45,0.7111111111111111,1.0,0.0,1.0,32,13,32,817.858723,643.9573185,1388.851881,1.3333333333333333
S7_sparse_reference,all,3,45,0.3111111111111111,0.0,0.0,1.0,14,31,14,549.9146455,374.133407,1083.33445875,0.9166666666666666
S7_sparse_reference,all,5,45,0.26666666666666666,0.0,0.0,1.0,12,33,12,672.049369,237.0844575,1017.6940507500001,0.5
S7_sparse_reference,all,10,45,0.2222222222222222,0.0,0.0,0.0,10,35,10,1304.036489,1129.379796,1393.7736447500001,0.25
S7_sparse_reference,all,20,45,0.2,0.0,0.0,0.0,9,36,9,1696.366032,1129.379796,1697.363076,0.16666666666666666
S7_sparse_reference,all,50,45,0.06666666666666667,0.0,0.0,0.0,3,42,3,1239.206154,1239.206154,1239.206154,0.08333333333333333
