scenario,estimator,reference_every_n,seed,mae_governed_kg,mae_open_kg,d_mae_kg,bias_governed_kg,bias_open_kg,d_bias_kg
S4_step_fault,kalman,2,1,143.34988747406197,143.34988747406197,0.0,2.578083177038565,2.578083177038565,0.0
S4_step_fault,kalman,2,2,138.30098054295132,137.64640390688174,0.6545766360695779,-8.034836080245038,-8.311629605434742,0.2767935251897047
S4_step_fault,kalman,2,3,135.88317707516143,135.88317707516143,0.0,1.698744379756892,1.698744379756892,0.0
S4_step_fault,kalman,5,1,145.31498904354672,145.31498904354672,0.0,-7.696810702717403,-7.696810702717403,0.0
S4_step_fault,kalman,5,2,139.96179395423857,135.90558055699043,4.056213397248143,7.233143779289319,1.2489158286892357,5.984227950600084
S4_step_fault,kalman,5,3,140.25758227554417,143.2682952675659,-3.0107129920217233,-17.694600694057478,-25.85008601791127,8.155485323853792
S4_step_fault,kalman,10,1,153.39707231577216,153.39707231577216,0.0,-20.60632262851749,-20.60632262851749,0.0
S4_step_fault,kalman,10,2,143.7797417988203,143.7797417988203,0.0,10.978200824691704,10.978200824691704,0.0
S4_step_fault,kalman,10,3,145.0733526007498,145.0733526007498,0.0,-16.74439853215955,-16.74439853215955,0.0
S4_step_fault,kalman,20,1,155.7480452903537,151.27764371254887,4.470401577804836,-50.89484966083985,-35.44057238040265,-15.454277280437204
S4_step_fault,kalman,20,2,147.20263419940443,146.3069695003621,0.895664699042328,32.851217115136436,26.99460339080864,5.856613724327797
S4_step_fault,kalman,20,3,152.20142285051003,152.20142285051003,0.0,-24.539812778332063,-24.539812778332063,0.0
S4_step_fault,kalman,50,1,172.94929918164385,172.94929918164385,0.0,-90.12797754219716,-90.12797754219716,0.0
S4_step_fault,kalman,50,2,156.2619881697565,156.2619881697565,0.0,-42.4803535330924,-42.4803535330924,0.0
S4_step_fault,kalman,50,3,136.6737960127908,136.6737960127908,0.0,7.5648594147295345,7.5648594147295345,0.0
S4_step_fault,rls,2,1,140.00943180194798,141.2475331541324,-1.2381013521844295,5.471809614012676,-1.3264950999755047,6.7983047139881805
S4_step_fault,rls,2,2,135.55954237274253,135.55954237274253,0.0,-9.831942581742299,-9.831942581742299,0.0
S4_step_fault,rls,2,3,134.1687711573514,134.88430229053566,-0.7155311331842711,-6.361912135463823,-1.7553516310116286,-4.606560504452194
S4_step_fault,rls,5,1,146.4905022677698,146.4905022677698,0.0,-15.45297772528751,-15.45297772528751,0.0
S4_step_fault,rls,5,2,137.62017284032385,136.95272488710862,0.6674479532152304,11.588360748683057,1.0127705331603218,10.575590215522734
S4_step_fault,rls,5,3,140.1780824377011,143.35322459451996,-3.1751421568188505,-13.650416218770054,-33.54927447263054,19.89885825386049
S4_step_fault,rls,10,1,158.87614121732503,157.15679163152672,1.7193495857983123,-4.255044214492521,-41.75432650370831,37.49928228921579
S4_step_fault,rls,10,2,151.38121748574758,146.3149146986283,5.066302787119298,16.36176335381794,-5.68695925897993,22.048722612797867
S4_step_fault,rls,10,3,147.482589842959,147.482589842959,0.0,-40.954159041442075,-40.954159041442075,0.0
S4_step_fault,rls,20,1,160.5490096148298,160.23508207131835,0.31392754351145413,-66.8201126905505,-66.59964137604396,-0.22047131450653978
S4_step_fault,rls,20,2,145.3734733553119,145.3734733553119,0.0,-15.475509454982847,-15.475509454982847,0.0
S4_step_fault,rls,20,3,151.6503872031093,151.6503872031093,0.0,-62.83828226654471,-62.83828226654471,0.0
S4_step_fault,rls,50,1,179.18839599805384,179.18839599805384,0.0,-114.10376394681832,-114.10376394681832,0.0
S4_step_fault,rls,50,2,158.9676874739539,158.9676874739539,0.0,-81.39686022380545,-81.39686022380545,0.0
S4_step_fault,rls,50,3,155.4725397524103,155.4725397524103,0.0,-81.57818964678894,-81.57818964678894,0.0
S4_step_fault,static_affine,2,1,155.32004973434394,195.58043097587702,-40.26038124153308,19.947600193920863,-145.24935004100203,165.1969502349229
S4_step_fault,static_affine,2,2,137.58586354100058,178.0913526454299,-40.50548910442933,-39.40325699714221,-136.06783021982372,96.66457322268151
S4_step_fault,static_affine,2,3,133.11352674166213,180.40194916695557,-47.28842242529345,-29.87849043998674,-140.06417015406035,110.18567971407361
S4_step_fault,static_affine,5,1,195.58043097587702,195.58043097587702,0.0,-145.24935004100203,-145.24935004100203,0.0
S4_step_fault,static_affine,5,2,148.1250791674611,178.0913526454299,-29.966273477968798,-20.478368416879277,-136.06783021982372,115.58946180294444
S4_step_fault,static_affine,5,3,143.25712643208956,180.40194916695557,-37.14482273486601,-12.199669939329105,-140.06417015406035,127.86450021473124
S4_step_fault,static_affine,10,1,192.49781490997006,195.58043097587702,-3.0826160659069615,17.88838471913938,-145.24935004100203,163.13773476014143
S4_step_fault,static_affine,10,2,179.10052680664543,178.0913526454299,1.009174161215526,19.39351548112794,-136.06783021982372,155.46134570095165
S4_step_fault,static_affine,10,3,171.7739915297596,180.40194916695557,-8.627957637195976,17.42440945622312,-140.06417015406035,157.48857961028347
S4_step_fault,static_affine,20,1,192.9406937416636,195.58043097587702,-2.6397372342134133,-138.23095885648766,-145.24935004100203,7.018391184514371
S4_step_fault,static_affine,20,2,178.0913526454299,178.0913526454299,0.0,-136.06783021982372,-136.06783021982372,0.0
S4_step_fault,static_affine,20,3,180.40194916695557,180.40194916695557,0.0,-140.06417015406035,-140.06417015406035,0.0
S4_step_fault,static_affine,50,1,195.58043097587702,195.58043097587702,0.0,-145.24935004100203,-145.24935004100203,0.0
S4_step_fault,static_affine,50,2,178.0913526454299,178.0913526454299,0.0,-136.06783021982372,-136.06783021982372,0.0
S4_step_fault,static_affine,50,3,180.40194916695557,180.40194916695557,0.0,-140.06417015406035,-140.06417015406035,0.0
S7_sparse_reference,kalman,2,1,160.52233462762868,159.74046291182265,0.7818717158060338,-3.801027229180671,-2.95324867191721,-0.8477785572634606
S7_sparse_reference,kalman,2,2,159.197838731034,159.197838731034,0.0,-8.212928024753682,-8.212928024753682,0.0
S7_sparse_reference,kalman,2,3,154.7329097678662,154.7329097678662,0.0,-5.395676583207562,-5.395676583207562,0.0
S7_sparse_reference,kalman,5,1,161.08637388818389,161.08637388818389,0.0,-16.787178247087944,-16.787178247087944,0.0
S7_sparse_reference,kalman,5,2,161.8109125101024,161.8109125101024,0.0,-12.809460002382306,-12.809460002382306,0.0
S7_sparse_reference,kalman,5,3,156.253347700126,155.45002847016198,0.8033192299640177,-23.45375053232269,-25.415931427057664,1.9621808947349741
S7_sparse_reference,kalman,10,1,161.34634581963323,161.34634581963323,0.0,-20.651487937793693,-20.651487937793693,0.0
S7_sparse_reference,kalman,10,2,160.80958253294637,160.80958253294637,0.0,-3.807299516136991,-3.807299516136991,0.0
S7_sparse_reference,kalman,10,3,155.74475182460398,155.74475182460398,0.0,-20.30432108640504,-20.30432108640504,0.0
S7_sparse_reference,kalman,20,1,164.8315753378172,164.8315753378172,0.0,-44.85619707803773,-44.85619707803773,0.0
S7_sparse_reference,kalman,20,2,166.20281136084455,166.20281136084455,0.0,8.842776847967155,8.842776847967155,0.0
S7_sparse_reference,kalman,20,3,161.29794900001528,161.29794900001528,0.0,-26.602155559169685,-26.602155559169685,0.0
S7_sparse_reference,kalman,50,1,173.84309365450537,173.84309365450537,0.0,-82.83371274409399,-82.83371274409399,0.0
S7_sparse_reference,kalman,50,2,166.87077865887537,166.87077865887537,0.0,-46.2836278449069,-46.2836278449069,0.0
S7_sparse_reference,kalman,50,3,162.31210255821307,162.31210255821307,0.0,-5.9960433273475875,-5.9960433273475875,0.0
S7_sparse_reference,rls,2,1,159.35716702367372,159.40670301201212,-0.049535988338391235,-2.2486036440924204,-1.6425943636193956,-0.6060092804730248
S7_sparse_reference,rls,2,2,159.61195195672008,159.61195195672008,0.0,-5.6258187863896385,-5.6258187863896385,0.0
S7_sparse_reference,rls,2,3,155.07782030319555,155.07782030319555,0.0,-4.0828030806139655,-4.0828030806139655,0.0
S7_sparse_reference,rls,5,1,160.66667387525172,160.8158771923209,-0.14920331706917977,-12.688001823315435,-15.983265004482822,3.295263181167387
S7_sparse_reference,rls,5,2,161.164244983574,161.164244983574,0.0,-12.796493295626794,-12.796493295626794,0.0
S7_sparse_reference,rls,5,3,155.58266403724542,155.58266403724542,0.0,-29.25545828324632,-29.25545828324632,0.0
S7_sparse_reference,rls,10,1,160.30735261881208,160.30735261881208,0.0,-27.071671180598024,-27.071671180598024,0.0
S7_sparse_reference,rls,10,2,160.88578123710082,160.88578123710082,0.0,-13.270299299128988,-13.270299299128988,0.0
S7_sparse_reference,rls,10,3,156.3279582336346,156.3279582336346,0.0,-32.52698707633684,-32.52698707633684,0.0
S7_sparse_reference,rls,20,1,166.13094010453506,166.13094010453506,0.0,-59.03281575898717,-59.03281575898717,0.0
S7_sparse_reference,rls,20,2,162.66990147252463,162.66990147252463,0.0,-21.490818086938287,-21.490818086938287,0.0
S7_sparse_reference,rls,20,3,158.44955173551787,158.44955173551787,0.0,-44.603657738107266,-44.603657738107266,0.0
S7_sparse_reference,rls,50,1,173.75959839283246,173.75959839283246,0.0,-82.80436510757531,-82.80436510757531,0.0
S7_sparse_reference,rls,50,2,168.95370603451826,168.95370603451826,0.0,-70.24352752924287,-70.24352752924287,0.0
S7_sparse_reference,rls,50,3,163.65393376567815,163.65393376567815,0.0,-57.89188021882012,-57.89188021882012,0.0
S7_sparse_reference,static_affine,2,1,165.8667453671766,183.45865793983143,-17.59191257265482,10.360594297175313,-93.93031037052022,104.29090466769553
S7_sparse_reference,static_affine,2,2,182.02409652948845,182.02409652948845,0.0,-96.79378532334927,-96.79378532334927,0.0
S7_sparse_reference,static_affine,2,3,179.00746533775117,179.00746533775117,0.0,-99.51526090382283,-99.51526090382283,0.0
S7_sparse_reference,static_affine,5,1,165.5731027904724,183.45865793983143,-17.88555514935902,-35.123746083244384,-93.93031037052022,58.80656428727583
S7_sparse_reference,static_affine,5,2,182.02409652948845,182.02409652948845,0.0,-96.79378532334927,-96.79378532334927,0.0
S7_sparse_reference,static_affine,5,3,179.00746533775117,179.00746533775117,0.0,-99.51526090382283,-99.51526090382283,0.0
S7_sparse_reference,static_affine,10,1,165.8389183828824,183.45865793983143,-17.619739556949014,-46.6866283577907,-93.93031037052022,47.243682012729515
S7_sparse_reference,static_affine,10,2,182.02409652948845,182.02409652948845,0.0,-96.79378532334927,-96.79378532334927,0.0
S7_sparse_reference,static_affine,10,3,160.19431282348154,179.00746533775117,-18.813152514269632,-41.512340013297845,-99.51526090382283,58.00292089052499
S7_sparse_reference,static_affine,20,1,183.45865793983143,183.45865793983143,0.0,-93.93031037052022,-93.93031037052022,0.0
S7_sparse_reference,static_affine,20,2,182.02409652948845,182.02409652948845,0.0,-96.79378532334927,-96.79378532334927,0.0
S7_sparse_reference,static_affine,20,3,179.00746533775117,179.00746533775117,0.0,-99.51526090382283,-99.51526090382283,0.0
S7_sparse_reference,static_affine,50,1,183.45865793983143,183.45865793983143,0.0,-93.93031037052022,-93.93031037052022,0.0
S7_sparse_reference,static_affine,50,2,182.02409652948845,182.02409652948845,0.0,-96.79378532334927,-96.79378532334927,0.0
S7_sparse_reference,static_affine,50,3,179.00746533775117,179.00746533775117,0.0,-99.51526090382283,-99.51526090382283,0.0
