scenario,estimator,reference_every_n,n_pairs,n_identical,mae_median,mae_q1,mae_q3,mae_difference_of_medians,mae_governed,mae_open,bias_median,bias_q1,bias_q3,bias_governed,bias_open,recalibrations
S4_step_fault,kalman,2,3,3,0.0,0.0,0.0,0.0,137.64640390688174,137.64640390688174,0.0,0.0,0.0,1.698744379756892,1.698744379756892,0.0
S4_step_fault,kalman,5,3,3,0.0,0.0,0.0,0.0,143.2682952675659,143.2682952675659,0.0,0.0,0.0,-7.696810702717403,-7.696810702717403,0.0
S4_step_fault,kalman,10,3,3,0.0,0.0,0.0,0.0,145.0733526007498,145.0733526007498,0.0,0.0,0.0,-16.74439853215955,-16.74439853215955,0.0
S4_step_fault,kalman,20,3,2,0.0,0.0,0.3941459671972183,0.7882919343944366,152.0659356469433,151.27764371254887,0.0,-0.4035173921130877,0.0,-24.539812778332063,-24.539812778332063,0.0
S4_step_fault,kalman,50,3,3,0.0,0.0,0.0,0.0,156.2619881697565,156.2619881697565,0.0,0.0,0.0,-42.4803535330924,-42.4803535330924,0.0
S4_step_fault,rls,2,3,2,0.0,0.0,0.013568161717699923,0.0,135.55954237274253,135.55954237274253,0.0,-3.0251919239225966,0.0,-7.376878947820698,-1.7553516310116286,0.0
S4_step_fault,rls,5,3,1,0.603930296182682,0.301965148091341,0.8779738379477777,0.0,143.35322459451996,143.35322459451996,10.268623695884443,5.134311847942222,17.061871476408573,8.402141531645194,-15.45297772528751,1.0
S4_step_fault,rls,10,3,1,2.529866965685443,1.2649334828427214,4.460333953611297,5.22312579720645,152.70571564016544,147.482589842959,23.062722242847546,11.531361121423773,28.020633134035023,-8.775782478485814,-40.954159041442075,1.0
S4_step_fault,rls,20,3,3,0.0,0.0,0.0,0.0,151.6503872031093,151.6503872031093,0.0,0.0,0.0,-62.83828226654471,-62.83828226654471,0.0
S4_step_fault,rls,50,3,3,0.0,0.0,0.0,0.0,158.9676874739539,158.9676874739539,0.0,0.0,0.0,-81.57818964678894,-81.57818964678894,0.0
S4_step_fault,static_affine,2,3,0,-32.375963003304776,-35.23936603071401,-23.197240495364127,-22.924287249201797,157.47766191775378,180.40194916695557,180.98201571831947,163.01540383545404,187.042614324914,40.91784556425914,-140.06417015406035,1.0
S4_step_fault,static_affine,5,3,0,-4.310576488370515,-12.354424561384192,1.206449672938163,-6.621173009896182,173.7807761570594,180.40194916695557,181.25652135778654,175.9549355427211,210.36188652962596,45.18869113796282,-140.06417015406035,1.0
S4_step_fault,static_affine,10,3,0,-1.802526746776607,-5.379427470780186,1.300476809917555,2.0928838450860496,182.49483301204162,180.40194916695557,156.50365643719493,155.639062274878,158.02459108910023,16.439486283134574,-140.06417015406035,1.0
S4_step_fault,static_affine,20,3,2,0.0,-1.3198686171067067,0.0,0.0,180.40194916695557,180.40194916695557,0.0,0.0,3.5091955922571856,-138.23095885648766,-140.06417015406035,0.0
S4_step_fault,static_affine,50,3,3,0.0,0.0,0.0,0.0,180.40194916695557,180.40194916695557,0.0,0.0,0.0,-140.06417015406035,-140.06417015406035,0.0
S7_sparse_reference,kalman,2,3,3,0.0,0.0,0.0,0.0,159.197838731034,159.197838731034,0.0,0.0,0.0,-5.395676583207562,-5.395676583207562,0.0
S7_sparse_reference,kalman,5,3,3,0.0,0.0,0.0,0.0,161.08637388818389,161.08637388818389,0.0,0.0,0.0,-16.787178247087944,-16.787178247087944,0.0
S7_sparse_reference,kalman,10,3,3,0.0,0.0,0.0,0.0,160.80958253294637,160.80958253294637,0.0,0.0,0.0,-20.30432108640504,-20.30432108640504,0.0
S7_sparse_reference,kalman,20,3,3,0.0,0.0,0.0,0.0,164.8315753378172,164.8315753378172,0.0,0.0,0.0,-26.602155559169685,-26.602155559169685,0.0
S7_sparse_reference,kalman,50,3,3,0.0,0.0,0.0,0.0,166.87077865887537,166.87077865887537,0.0,0.0,0.0,-46.2836278449069,-46.2836278449069,0.0
S7_sparse_reference,rls,2,3,3,0.0,0.0,0.0,0.0,159.40670301201212,159.40670301201212,0.0,0.0,0.0,-4.0828030806139655,-4.0828030806139655,0.0
S7_sparse_reference,rls,5,3,2,0.0,-0.16907952319121478,0.0,-0.33815904638242955,160.47771814593847,160.8158771923209,0.0,0.0,1.6889262936112655,-12.796493295626794,-15.983265004482822,0.0
S7_sparse_reference,rls,10,3,3,0.0,0.0,0.0,0.0,160.30735261881208,160.30735261881208,0.0,0.0,0.0,-27.071671180598024,-27.071671180598024,0.0
S7_sparse_reference,rls,20,3,3,0.0,0.0,0.0,0.0,162.66990147252463,162.66990147252463,0.0,0.0,0.0,-44.603657738107266,-44.603657738107266,0.0
S7_sparse_reference,rls,50,3,3,0.0,0.0,0.0,0.0,168.95370603451826,168.95370603451826,0.0,0.0,0.0,-70.24352752924287,-70.24352752924287,0.0
S7_sparse_reference,static_affine,2,3,2,0.0,-7.155308958559175,0.0,-3.0166311917372752,179.00746533775117,182.02409652948845,0.0,0.0,30.142606997794605,-96.79378532334927,-96.79378532334927,0.0
S7_sparse_reference,static_affine,5,3,2,0.0,-9.490621020618946,0.0,-3.0166311917372752,179.00746533775117,182.02409652948845,0.0,0.0,35.84897271842902,-96.79378532334927,-96.79378532334927,0.0
S7_sparse_reference,static_affine,10,3,3,0.0,0.0,0.0,0.0,182.02409652948845,182.02409652948845,0.0,0.0,0.0,-96.79378532334927,-96.79378532334927,0.0
S7_sparse_reference,static_affine,20,3,3,0.0,0.0,0.0,0.0,182.02409652948845,182.02409652948845,0.0,0.0,0.0,-96.79378532334927,-96.79378532334927,0.0
S7_sparse_reference,static_affine,50,3,3,0.0,0.0,0.0,0.0,182.02409652948845,182.02409652948845,0.0,0.0,0.0,-96.79378532334927,-96.79378532334927,0.0
