family,recording,vehicle,metric,value,unit
channel_ratio,20260209_cintron1,citroen,tenzo2_over_tenzo1_peak_ratio,3.136,dimensionless
channel_ratio,20260209_cintron2_spat,citroen,tenzo2_over_tenzo1_peak_ratio,2.627,dimensionless
channel_ratio,20260209_cintron2_spat,citroen,tenzo2_over_tenzo1_peak_ratio,3.24,dimensionless
channel_ratio,20260209_cintron2_spat,citroen,tenzo2_over_tenzo1_peak_ratio,2.534,dimensionless
channel_ratio,20260209_cintron3,citroen,tenzo2_over_tenzo1_peak_ratio,3.158,dimensionless
channel_ratio,20260209_cintron3,citroen,tenzo2_over_tenzo1_peak_ratio,2.707,dimensionless
channel_ratio,20260209_cintron4,citroen,tenzo2_over_tenzo1_peak_ratio,3.203,dimensionless
channel_ratio,20260209_cintron4,citroen,tenzo2_over_tenzo1_peak_ratio,2.164,dimensionless
channel_ratio,20260209_cintron4,citroen,tenzo2_over_tenzo1_peak_ratio,3.291,dimensionless
channel_ratio,20260209_cintron4,citroen,tenzo2_over_tenzo1_peak_ratio,2.926,dimensionless
channel_ratio,20260209_cintron5,citroen,tenzo2_over_tenzo1_peak_ratio,3.424,dimensionless
channel_ratio,20260209_cintron5,citroen,tenzo2_over_tenzo1_peak_ratio,3.352,dimensionless
channel_ratio,20260209_cintron5,citroen,tenzo2_over_tenzo1_peak_ratio,2.622,dimensionless
channel_ratio,20260209_cintron5,citroen,tenzo2_over_tenzo1_peak_ratio,2.896,dimensionless
channel_ratio,20260209_cintron5,citroen,tenzo2_over_tenzo1_peak_ratio,3.45,dimensionless
channel_ratio,20260209_fabia1,fabia,tenzo2_over_tenzo1_peak_ratio,2.824,dimensionless
channel_ratio,20260209_fabia1,fabia,tenzo2_over_tenzo1_peak_ratio,2.154,dimensionless
channel_ratio,20260209_fabia3,fabia,tenzo2_over_tenzo1_peak_ratio,2.734,dimensionless
channel_ratio,20260209_fabia3,fabia,tenzo2_over_tenzo1_peak_ratio,3.016,dimensionless
channel_ratio,20260209_fabia3,fabia,tenzo2_over_tenzo1_peak_ratio,3.144,dimensionless
