scenario,estimator,mae_kg,mean_gvw_all_kg,mae_pct_all,mean_gvw_trucks_ge3p5t_kg,mae_pct_trucks
S1_nominal,static_affine,0.94,6074.8,0.016,24532.3,0.004
S2_thermal_cycle,static_affine,138.82,6282.9,2.21,24892.4,0.558
S3_zero_drift_walk,static_affine,139.18,6242.1,2.23,24800.8,0.561
S4_step_fault,static_affine,182.39,6192.2,2.945,24707.8,0.738
S5_outage,static_affine,138.88,6074.8,2.286,24532.3,0.566
S6_combined,static_affine,696.94,6228.3,11.19,24770.8,2.814
S7_sparse_reference,static_affine,179.04,6201.7,2.887,24669.7,0.726
S1_nominal,rls,0.94,6074.8,0.015,24532.3,0.004
S2_thermal_cycle,rls,138.1,6282.9,2.198,24892.4,0.555
S3_zero_drift_walk,rls,138.21,6242.1,2.214,24800.8,0.557
S4_step_fault,rls,154.37,6192.2,2.493,24707.8,0.625
S5_outage,rls,138.18,6074.8,2.275,24532.3,0.563
S6_combined,rls,665.75,6228.3,10.689,24770.8,2.688
S7_sparse_reference,rls,162.1,6201.7,2.614,24669.7,0.657
S1_nominal,kalman,0.95,6074.8,0.016,24532.3,0.004
S2_thermal_cycle,kalman,139.19,6282.9,2.215,24892.4,0.559
S3_zero_drift_walk,kalman,139.6,6242.1,2.236,24800.8,0.563
S4_step_fault,kalman,151.49,6192.2,2.447,24707.8,0.613
S5_outage,kalman,143.1,6074.8,2.356,24532.3,0.583
S6_combined,kalman,707.32,6228.3,11.357,24770.8,2.855
S7_sparse_reference,kalman,162.98,6201.7,2.628,24669.7,0.661
