scenario,median_paired_diff_kg,signs,seeds,p_holm
S1_nominal,-0.007,+3/-27,30,0.0002150833606719
S2_thermal_cycle,-0.249,+4/-26,30,1.8030405044555664e-06
S3_zero_drift_walk,-0.607,+4/-26,30,1.8030405044555664e-06
S4_step_fault,-0.809,+8/-22,30,0.0072671864181756
S5_outage,-2.126,+4/-26,30,1.5154480934143066e-05
S7_sparse_reference,-0.573,+2/-28,30,2.2351741790771487e-07
H1_warm_front,-0.736,+9/-21,30,0.6823935806751251
H2_gain_jolt,-0.448,+9/-21,30,0.0373184382915496
H3_slow_fade,-4.341,+8/-22,30,0.0651078559458255
H4_pileup,-3.026,+3/-27,30,5.532056093215942e-07
S6_combined,-1.161,+0/-10,10,0.041015625
