scenario,lambda,stage,seeds,median_paired_diff_kg,signs,p,rb_rank,rb_sign,p_holm,frozen_excess_kg,recovered_pct
S2_thermal_cycle,0.95,10 seeds,10,5.303054379248536,+10/-0,0.001953125,1.0,1.0,0.029296875,2.7342265494714866,-193.95080412314744
S2_thermal_cycle,0.95,30 seeds,30,4.132257886882485,+25/-5,0.0004183966666460037,0.7032258064516129,0.6666666666666666,0.0008367933332920074,2.7342265494714866,-151.13077911123463
S2_thermal_cycle,0.99,10 seeds,10,-0.04317268258435547,+5/-5,0.921875,-0.05454545454545454,0.0,0.921875,2.7342265494714866,1.578972400538666
S2_thermal_cycle,0.99,30 seeds,30,-0.7977768554751918,+11/-19,0.029325857758522034,-0.45376344086021503,-0.26666666666666666,0.029325857758522034,2.7342265494714866,29.177423342239084
S2_thermal_cycle,0.995,10 seeds,10,-0.6050761279664698,+3/-7,0.16015625,-0.5272727272727272,-0.4,0.3359375,2.7342265494714866,22.129699826205997
S2_thermal_cycle,0.995,30 seeds,30,-1.2156474517162508,+7/-23,7.910653948783875e-05,-0.7720430107526882,-0.5333333333333333,0.00023731961846351624,2.7342265494714866,44.46037772368313
S2_thermal_cycle,0.999,10 seeds,10,-0.9047867389411408,+3/-7,0.083984375,-0.6363636363636364,-0.4,0.3359375,2.7342265494714866,33.09114012940998
S2_thermal_cycle,0.999,30 seeds,30,-1.4663725975351412,+6/-24,6.917864084243774e-06,-0.853763440860215,-0.6,4.1814520955085754e-05,2.7342265494714866,53.630252321944
S2_thermal_cycle,1.0,10 seeds,10,-0.8815456353744082,+3/-7,0.083984375,-0.6363636363636364,-0.4,0.3359375,2.7342265494714866,32.241133623137664
S2_thermal_cycle,1.0,30 seeds,30,-1.4779404474156763,+5/-25,5.973502993583679e-06,-0.8580645161290322,-0.6666666666666666,4.1814520955085754e-05,2.7342265494714866,54.05332808656091
S4_step_fault,0.95,10 seeds,10,-38.0614538133222,+0/-10,0.001953125,-1.0,-1.0,0.029296875,46.02932412393591,82.68957786744842
S4_step_fault,0.95,30 seeds,30,-35.48674086169137,+0/-30,1.862645149230957e-09,-1.0,-1.0,2.7939677238464355e-08,46.02932412393591,77.0959416352537
S4_step_fault,0.99,10 seeds,10,-28.380491616383907,+0/-10,0.001953125,-1.0,-1.0,0.029296875,46.02932412393591,61.65741547707333
S4_step_fault,0.99,30 seeds,30,-27.094794028853272,+0/-30,1.862645149230957e-09,-1.0,-1.0,2.7939677238464355e-08,46.02932412393591,58.86420134238641
S4_step_fault,0.995,10 seeds,10,-22.77504234266877,+0/-10,0.001953125,-1.0,-1.0,0.029296875,46.02932412393591,49.47941942694183
S4_step_fault,0.995,30 seeds,30,-23.328513930552276,+0/-30,1.862645149230957e-09,-1.0,-1.0,2.7939677238464355e-08,46.02932412393591,50.68185200316925
S4_step_fault,0.999,10 seeds,10,-19.274026538986035,+0/-10,0.001953125,-1.0,-1.0,0.029296875,46.02932412393591,41.873364221229714
S4_step_fault,0.999,30 seeds,30,-20.56362985153953,+0/-30,1.862645149230957e-09,-1.0,-1.0,2.7939677238464355e-08,46.02932412393591,44.67506365327261
S4_step_fault,1.0,10 seeds,10,-18.497163781155578,+0/-10,0.001953125,-1.0,-1.0,0.029296875,46.02932412393591,40.18560805140475
S4_step_fault,1.0,30 seeds,30,-19.924214011299696,+0/-30,1.862645149230957e-09,-1.0,-1.0,2.7939677238464355e-08,46.02932412393591,43.28591477392304
S7_sparse_reference,0.95,10 seeds,10,-18.899732382008963,+1/-9,0.00390625,-0.9636363636363636,-0.8,0.029296875,20.71679317735328,91.22904409100028
S7_sparse_reference,0.95,30 seeds,30,-11.82003653100574,+7/-23,1.3966113328933716e-05,-0.832258064516129,-0.5333333333333333,6.983056664466858e-05,20.71679317735328,57.05533877669301
S7_sparse_reference,0.99,10 seeds,10,-21.9089111982521,+0/-10,0.001953125,-1.0,-1.0,0.029296875,20.71679317735328,105.75435595023457
S7_sparse_reference,0.99,30 seeds,30,-14.095408220563058,+0/-30,1.862645149230957e-09,-1.0,-1.0,2.7939677238464355e-08,20.71679317735328,68.03856224220822
S7_sparse_reference,0.995,10 seeds,10,-19.97099339822043,+0/-10,0.001953125,-1.0,-1.0,0.029296875,20.71679317735328,96.40002305014983
S7_sparse_reference,0.995,30 seeds,30,-12.0029161613636,+4/-26,2.0489096641540527e-07,-0.9397849462365592,-0.7333333333333333,1.8440186977386475e-06,20.71679317735328,57.93809909964578
S7_sparse_reference,0.999,10 seeds,10,-13.926511248248147,+0/-10,0.001953125,-1.0,-1.0,0.029296875,20.71679317735328,67.22329623617625
S7_sparse_reference,0.999,30 seeds,30,-6.489535925714179,+5/-25,4.968419671058655e-05,-0.789247311827957,-0.6666666666666666,0.0001987367868423462,20.71679317735328,31.325002234459067
S7_sparse_reference,1.0,10 seeds,10,-11.441585725741632,+0/-10,0.001953125,-1.0,-1.0,0.029296875,20.71679317735328,55.228556021156244
S7_sparse_reference,1.0,30 seeds,30,-4.715555356636756,+3/-27,8.326023817062378e-07,-0.9096774193548387,-0.8,6.660819053649902e-06,20.71679317735328,22.761994659441793
