scenario,estimator,excess_kg,floor_kg,excess_over_floor,rb,lo,hi,rb_rank,median_paired_diff_kg,signs
S1_nominal,rls,0.9436762269993673,0.0,,0.2,-0.13333333333333333,0.5333333333333333,0.053763440860215055,0.0009998312462197734,+18/-12
S1_nominal,kalman,0.9436762269993673,0.0,,0.4666666666666667,0.13333333333333333,0.7333333333333333,0.4666666666666667,0.0067308209119362195,+22/-8
S5_outage,kalman,2.6459974058863907,136.23743549748306,0.019421955472255455,0.2,-0.13333333333333333,0.5333333333333333,0.2946236559139785,0.700939475110637,+18/-12
S5_outage,rls,2.6459974058863907,136.23743549748306,0.019421955472255455,-0.26666666666666666,-0.6,0.06666666666666667,-0.4150537634408602,-0.8113460825004921,+11/-19
S2_thermal_cycle,rls,2.7342265494714866,136.09037926745032,0.020091255268662848,-0.26666666666666666,-0.6,0.06666666666666667,-0.45376344086021503,-0.7977768554751918,+11/-19
S2_thermal_cycle,kalman,2.7342265494714866,136.09037926745032,0.020091255268662848,0.13333333333333333,-0.2,0.4666666666666667,0.15268817204301074,0.6294636679963332,+17/-13
S3_zero_drift_walk,rls,3.44196418447774,135.73477768833072,0.025358012464433054,-0.2,-0.5333333333333333,0.13333333333333333,-0.5010752688172043,-0.891890342084622,+12/-18
S3_zero_drift_walk,kalman,3.44196418447774,135.73477768833072,0.025358012464433054,0.06666666666666667,-0.3333333333333333,0.4,0.07956989247311828,0.758931181279479,+16/-14
S7_sparse_reference,kalman,20.71679317735328,158.32437384015847,0.1308503086092644,-0.8,-1.0,-0.5333333333333333,-0.9698924731182795,-14.175373131123848,+3/-27
S7_sparse_reference,rls,20.71679317735328,158.32437384015847,0.1308503086092644,-1.0,-1.0,-1.0,-1.0,-14.095408220563058,+0/-30
S4_step_fault,kalman,46.02932412393591,136.3596194451993,0.3375583204999655,-1.0,-1.0,-1.0,-1.0,-31.61475872044008,+0/-30
S4_step_fault,rls,46.02932412393591,136.3596194451993,0.3375583204999655,-1.0,-1.0,-1.0,-1.0,-27.094794028853272,+0/-30
S6_combined,kalman,505.77292537264225,191.16341743405997,2.645762103238732,0.3333333333333333,0.0,0.6666666666666666,0.45806451612903226,12.045675810230364,+20/-10
S6_combined,rls,505.77292537264225,191.16341743405997,2.645762103238732,-1.0,-1.0,-1.0,-1.0,-32.74293573424205,+0/-30
