scenario,estimator,median_signed_bias_kg,signed_lo,signed_hi,median_abs_bias_kg,abs_lo,abs_hi,mean_abs_bias_kg,mean_signed_bias_kg
S1_nominal,static_affine,-0.1002206823004887,-0.16339301504034082,-0.0314827429262614,0.11069620176648745,0.0732693715570835,0.16339301504034082,0.4125213759083638,-0.3815983359416918
S2_thermal_cycle,static_affine,-17.55909336460009,-27.90178468566989,0.9631632153859355,23.6656894132429,17.55909336460009,30.713145670324337,25.760023616529004,-12.043537848799717
S3_zero_drift_walk,static_affine,-6.267802648700231,-16.434663887100655,8.846694261318762,19.586329903963033,11.450963946740437,27.272900928640215,22.66579526189099,-2.1716109538789454
S4_step_fault,static_affine,10.840378229154613,-3.675562882196359,17.038965859809437,15.816543995370933,12.088303882488201,21.869939912020506,29.28237452692071,0.0728470175458997
S5_outage,static_affine,-6.642190830519487,-19.407377408942487,11.281694945747569,22.267312687409316,16.129902940490002,27.36593707267469,25.109450674726478,-1.5194573940852005
S6_combined,static_affine,-55.2545960158169,-84.55476597376901,-25.1941964057928,72.65889263010753,46.42311680203649,92.51176591874355,78.69740512212888,-50.629354111113635
S7_sparse_reference,static_affine,-54.209054654061134,-81.23955365909157,-39.09260851059445,54.209054654061134,39.706620365954564,81.23955365909157,60.20527437959016,-59.76715921458942
S1_nominal,rls,-0.0728497528224833,-0.154634528353672,0.026552083140960803,0.09079819228883321,0.0728497528224833,0.18025535431531503,0.47514733016506777,-0.2366846462214053
S2_thermal_cycle,rls,-3.2172222950064917,-6.075613593432095,0.1109287184881169,5.738135709533731,3.523042802288739,7.17968305916198,5.950404228259924,-2.8546457644294265
S3_zero_drift_walk,rls,-2.4807780748217167,-4.251855160749084,3.34597472941356,6.387851520345015,3.7591904109764025,8.516089338039635,7.994845994907837,-0.5527151752054692
S4_step_fault,rls,-17.735604655319136,-28.397627914606833,-8.432683580685492,17.823038200982644,13.7314487217388,28.397627914606833,21.598257025913746,-18.264101162938566
S5_outage,rls,-3.531012480990338,-12.669851994234579,1.9774574308103676,13.70236736601934,8.004626604981626,15.9535156174348,14.142348039157318,-1.013484366317391
S6_combined,rls,-24.56572155953069,-37.02188489957089,-10.078566883551247,34.384906164038526,20.795089167687628,51.30332225900414,42.285599129653015,-26.554295203050327
S7_sparse_reference,rls,-26.630271688827378,-31.451662419294752,-23.604211833343122,26.630271688827378,23.604211833343122,31.451662419294752,26.73253302693964,-26.73253302693964
S1_nominal,kalman,-0.046125395400674,-0.1880114117488261,0.02842060212156585,0.10158206310749525,0.0653176526216772,0.21659144348339032,0.5308530749276602,-0.17616700179761716
S2_thermal_cycle,kalman,-1.8589227347334984,-5.617035466033669,1.6453945982061193,5.620499100486216,2.9225402177796513,7.179274552027543,5.96657731568097,-2.0417728800976387
S3_zero_drift_walk,kalman,-0.06915797364281029,-3.3847047184731016,3.839599586232734,5.80351671464887,3.5902728811089872,10.06099143703162,8.329315154810176,-0.25982067914269436
S4_step_fault,kalman,-12.274302524333304,-18.67536058033852,-7.557332616322215,12.413951053179577,10.127564345507057,18.67536058033852,15.574821815725109,-13.206637707786069
S5_outage,kalman,-3.014241734365903,-11.817186966846048,4.375144496996787,13.991411595707662,11.051631900545736,20.17175986276353,17.782997091760116,0.003237648741434995
S6_combined,kalman,37.30527566865052,23.38423988227592,50.8288759521336,49.37086803957267,39.7683487192721,71.88152476662847,58.8871092320775,32.01481229225797
S7_sparse_reference,kalman,-18.554784228183692,-23.48198017767061,-15.292238550102635,18.554784228183692,15.292238550102635,23.48198017767061,20.361184127946025,-19.70860541155288
