scenario,estimator,contact,influence
S1_nominal,rls,0.2,-0.2
S1_nominal,kalman,0.4666666666666667,0.06666666666666667
S2_thermal_cycle,rls,-0.26666666666666666,-0.4
S2_thermal_cycle,kalman,0.13333333333333333,0.13333333333333333
S3_zero_drift_walk,rls,-0.2,-0.13333333333333333
S3_zero_drift_walk,kalman,0.06666666666666667,0.26666666666666666
S4_step_fault,rls,-1.0,-1.0
S4_step_fault,kalman,-1.0,-1.0
S5_outage,rls,-0.26666666666666666,-0.3333333333333333
S5_outage,kalman,0.2,0.2
S6_combined,rls,-1.0,-1.0
S6_combined,kalman,0.3333333333333333,0.5333333333333333
S7_sparse_reference,rls,-1.0,-1.0
S7_sparse_reference,kalman,-0.8,-0.9333333333333333
