sweep,scenario,ref_n,conf_passes,warmup_refs,PH,CUSUM,detectors,veh/h,run_s,horizon_s,warmup_s,conf_s,earliest_recal_s,conf/horizon
ladder,S1_nominal,10,60,60,15.0,12.0,cusum+page_hinkley,240.0,900.0,1800.0,9000,9000,18000,5.0
ladder,S2_thermal_cycle,10,60,60,15.0,12.0,cusum+page_hinkley,180.0,259200.0,1800.0,12000,12000,24000,6.67
ladder,S3_zero_drift_walk,10,60,60,15.0,12.0,cusum+page_hinkley,200.0,86400.0,1800.0,10800,10800,21600,6.0
ladder,S4_step_fault,10,60,60,15.0,12.0,cusum+page_hinkley,220.0,57600.0,1800.0,9818,9818,19636,5.45
ladder,S5_outage,10,60,60,15.0,12.0,cusum+page_hinkley,240.0,21600.0,1800.0,9000,9000,18000,5.0
ladder,S6_combined,10,60,60,15.0,12.0,cusum+page_hinkley,200.0,172800.0,1800.0,10800,10800,21600,6.0
ladder,S7_sparse_reference,10,60,60,15.0,12.0,cusum+page_hinkley,600.0,43200.0,1800.0,3600,3600,7200,2.0
ladder30,S1_nominal,10,60,60,15.0,12.0,cusum+page_hinkley,240.0,21600.0,1800.0,9000,9000,18000,5.0
ladder30,S2_thermal_cycle,10,60,60,15.0,12.0,cusum+page_hinkley,180.0,259200.0,1800.0,12000,12000,24000,6.67
ladder30,S3_zero_drift_walk,10,60,60,15.0,12.0,cusum+page_hinkley,200.0,86400.0,1800.0,10800,10800,21600,6.0
ladder30,S4_step_fault,10,60,60,15.0,12.0,cusum+page_hinkley,220.0,57600.0,1800.0,9818,9818,19636,5.45
ladder30,S5_outage,10,60,60,15.0,12.0,cusum+page_hinkley,240.0,21600.0,1800.0,9000,9000,18000,5.0
ladder30,S6_combined,10,60,60,15.0,12.0,cusum+page_hinkley,200.0,172800.0,1800.0,10800,10800,21600,6.0
ladder30,S7_sparse_reference,10,60,60,15.0,12.0,cusum+page_hinkley,600.0,43200.0,1800.0,3600,3600,7200,2.0
cintron_ladder,S1_nominal,10,60,60,15.0,12.0,cusum+page_hinkley,240.0,21600.0,1800.0,9000,9000,18000,5.0
cintron_ladder,S2_thermal_cycle,10,60,60,15.0,12.0,cusum+page_hinkley,180.0,259200.0,1800.0,12000,12000,24000,6.67
cintron_ladder,S3_zero_drift_walk,10,60,60,15.0,12.0,cusum+page_hinkley,200.0,86400.0,1800.0,10800,10800,21600,6.0
cintron_ladder,S4_step_fault,10,60,60,15.0,12.0,cusum+page_hinkley,220.0,57600.0,1800.0,9818,9818,19636,5.45
cintron_ladder,S5_outage,10,60,60,15.0,12.0,cusum+page_hinkley,240.0,21600.0,1800.0,9000,9000,18000,5.0
cintron_ladder,S6_combined,10,60,60,15.0,12.0,cusum+page_hinkley,200.0,172800.0,1800.0,10800,10800,21600,6.0
cintron_ladder,S7_sparse_reference,10,60,60,15.0,12.0,cusum+page_hinkley,600.0,43200.0,1800.0,3600,3600,7200,2.0
cintron_ladder30,S1_nominal,10,60,60,15.0,12.0,cusum+page_hinkley,240.0,21600.0,1800.0,9000,9000,18000,5.0
cintron_ladder30,S2_thermal_cycle,10,60,60,15.0,12.0,cusum+page_hinkley,180.0,259200.0,1800.0,12000,12000,24000,6.67
cintron_ladder30,S3_zero_drift_walk,10,60,60,15.0,12.0,cusum+page_hinkley,200.0,86400.0,1800.0,10800,10800,21600,6.0
cintron_ladder30,S4_step_fault,10,60,60,15.0,12.0,cusum+page_hinkley,220.0,57600.0,1800.0,9818,9818,19636,5.45
cintron_ladder30,S5_outage,10,60,60,15.0,12.0,cusum+page_hinkley,240.0,21600.0,1800.0,9000,9000,18000,5.0
cintron_ladder30,S6_combined,10,60,60,15.0,12.0,cusum+page_hinkley,200.0,172800.0,1800.0,10800,10800,21600,6.0
cintron_ladder30,S7_sparse_reference,10,60,60,15.0,12.0,cusum+page_hinkley,600.0,43200.0,1800.0,3600,3600,7200,2.0
heldout30,H1_warm_front,10,60,60,7.5,12.0,cusum+page_hinkley,310.0,129600.0,1800.0,6968,6968,13935,3.87
heldout30,H2_gain_jolt,10,60,60,7.5,12.0,cusum+page_hinkley,275.0,72000.0,1800.0,7855,7855,15709,4.36
heldout30,H3_slow_fade,10,60,60,7.5,12.0,cusum+page_hinkley,450.0,54000.0,1800.0,4800,4800,9600,2.67
heldout30,H4_pileup,10,60,60,7.5,12.0,cusum+page_hinkley,155.0,115200.0,1800.0,13935,13935,27871,7.74
ablation,S6_combined,10,60,60,15.0,12.0,cusum+page_hinkley,200.0,172800.0,1800.0,10800,10800,21600,6.0
ablation,S6_ablate_thermal,10,60,60,15.0,12.0,cusum+page_hinkley,200.0,172800.0,1800.0,10800,10800,21600,6.0
ablation,S6_ablate_zero_walk,10,60,60,15.0,12.0,cusum+page_hinkley,200.0,172800.0,1800.0,10800,10800,21600,6.0
ablation,S6_ablate_outage,10,60,60,15.0,12.0,cusum+page_hinkley,200.0,172800.0,1800.0,10800,10800,21600,6.0
ablation,S6_ablate_calibration_fault,10,60,60,15.0,12.0,cusum+page_hinkley,200.0,172800.0,1800.0,10800,10800,21600,6.0
reference_rate,S4_step_fault,2,60,60,15.0,12.0,cusum+page_hinkley,220.0,57600.0,1800.0,1964,1964,3927,1.09
reference_rate,S4_step_fault,5,60,60,15.0,12.0,cusum+page_hinkley,220.0,57600.0,1800.0,4909,4909,9818,2.73
reference_rate,S4_step_fault,10,60,60,15.0,12.0,cusum+page_hinkley,220.0,57600.0,1800.0,9818,9818,19636,5.45
reference_rate,S4_step_fault,20,60,60,15.0,12.0,cusum+page_hinkley,220.0,57600.0,1800.0,19636,19636,39273,10.91
reference_rate,S4_step_fault,50,60,60,15.0,12.0,cusum+page_hinkley,220.0,57600.0,1800.0,49091,49091,98182,27.27
reference_rate,S7_sparse_reference,2,60,60,15.0,12.0,cusum+page_hinkley,600.0,43200.0,1800.0,720,720,1440,0.4
reference_rate,S7_sparse_reference,5,60,60,15.0,12.0,cusum+page_hinkley,600.0,43200.0,1800.0,1800,1800,3600,1.0
reference_rate,S7_sparse_reference,10,60,60,15.0,12.0,cusum+page_hinkley,600.0,43200.0,1800.0,3600,3600,7200,2.0
reference_rate,S7_sparse_reference,20,60,60,15.0,12.0,cusum+page_hinkley,600.0,43200.0,1800.0,7200,7200,14400,4.0
reference_rate,S7_sparse_reference,50,60,60,15.0,12.0,cusum+page_hinkley,600.0,43200.0,1800.0,18000,18000,36000,10.0
reference_rate_ph75,S4_step_fault,2,60,60,7.5,12.0,cusum+page_hinkley,220.0,57600.0,1800.0,1964,1964,3927,1.09
reference_rate_ph75,S4_step_fault,5,60,60,7.5,12.0,cusum+page_hinkley,220.0,57600.0,1800.0,4909,4909,9818,2.73
reference_rate_ph75,S4_step_fault,10,60,60,7.5,12.0,cusum+page_hinkley,220.0,57600.0,1800.0,9818,9818,19636,5.45
reference_rate_ph75,S4_step_fault,20,60,60,7.5,12.0,cusum+page_hinkley,220.0,57600.0,1800.0,19636,19636,39273,10.91
reference_rate_ph75,S4_step_fault,50,60,60,7.5,12.0,cusum+page_hinkley,220.0,57600.0,1800.0,49091,49091,98182,27.27
reference_rate_ph75,S7_sparse_reference,2,60,60,7.5,12.0,cusum+page_hinkley,600.0,43200.0,1800.0,720,720,1440,0.4
reference_rate_ph75,S7_sparse_reference,5,60,60,7.5,12.0,cusum+page_hinkley,600.0,43200.0,1800.0,1800,1800,3600,1.0
reference_rate_ph75,S7_sparse_reference,10,60,60,7.5,12.0,cusum+page_hinkley,600.0,43200.0,1800.0,3600,3600,7200,2.0
reference_rate_ph75,S7_sparse_reference,20,60,60,7.5,12.0,cusum+page_hinkley,600.0,43200.0,1800.0,7200,7200,14400,4.0
reference_rate_ph75,S7_sparse_reference,50,60,60,7.5,12.0,cusum+page_hinkley,600.0,43200.0,1800.0,18000,18000,36000,10.0
reference_rate30,S4_step_fault,1,60,60,7.5,12.0,cusum+page_hinkley,220.0,57600.0,1800.0,982,982,1964,0.55
reference_rate30,S4_step_fault,2,60,60,7.5,12.0,cusum+page_hinkley,220.0,57600.0,1800.0,1964,1964,3927,1.09
reference_rate30,S4_step_fault,3,60,60,7.5,12.0,cusum+page_hinkley,220.0,57600.0,1800.0,2945,2945,5891,1.64
reference_rate30,S4_step_fault,5,60,60,7.5,12.0,cusum+page_hinkley,220.0,57600.0,1800.0,4909,4909,9818,2.73
reference_rate30,S4_step_fault,10,60,60,7.5,12.0,cusum+page_hinkley,220.0,57600.0,1800.0,9818,9818,19636,5.45
reference_rate30,S4_step_fault,20,60,60,7.5,12.0,cusum+page_hinkley,220.0,57600.0,1800.0,19636,19636,39273,10.91
reference_rate30,S4_step_fault,50,60,60,7.5,12.0,cusum+page_hinkley,220.0,57600.0,1800.0,49091,49091,98182,27.27
reference_rate30,S7_sparse_reference,1,60,60,7.5,12.0,cusum+page_hinkley,600.0,43200.0,1800.0,360,360,720,0.2
reference_rate30,S7_sparse_reference,2,60,60,7.5,12.0,cusum+page_hinkley,600.0,43200.0,1800.0,720,720,1440,0.4
reference_rate30,S7_sparse_reference,3,60,60,7.5,12.0,cusum+page_hinkley,600.0,43200.0,1800.0,1080,1080,2160,0.6
reference_rate30,S7_sparse_reference,5,60,60,7.5,12.0,cusum+page_hinkley,600.0,43200.0,1800.0,1800,1800,3600,1.0
reference_rate30,S7_sparse_reference,10,60,60,7.5,12.0,cusum+page_hinkley,600.0,43200.0,1800.0,3600,3600,7200,2.0
reference_rate30,S7_sparse_reference,20,60,60,7.5,12.0,cusum+page_hinkley,600.0,43200.0,1800.0,7200,7200,14400,4.0
reference_rate30,S7_sparse_reference,50,60,60,7.5,12.0,cusum+page_hinkley,600.0,43200.0,1800.0,18000,18000,36000,10.0
detectors,S4_step_fault,10,60,60,15.0,12.0,cusum,220.0,57600.0,1800.0,9818,9818,19636,5.45
detectors,S4_step_fault,10,60,60,15.0,12.0,page_hinkley,220.0,57600.0,1800.0,9818,9818,19636,5.45
detectors,S4_step_fault,10,60,60,15.0,12.0,adwin,220.0,57600.0,1800.0,9818,9818,19636,5.45
detectors,S4_step_fault,10,60,60,15.0,12.0,ks,220.0,57600.0,1800.0,9818,9818,19636,5.45
detectors,S4_step_fault,10,60,60,15.0,12.0,cusum+page_hinkley+adwin+ks,220.0,57600.0,1800.0,9818,9818,19636,5.45
detectors,S6_combined,10,60,60,15.0,12.0,cusum,200.0,172800.0,1800.0,10800,10800,21600,6.0
detectors,S6_combined,10,60,60,15.0,12.0,page_hinkley,200.0,172800.0,1800.0,10800,10800,21600,6.0
detectors,S6_combined,10,60,60,15.0,12.0,adwin,200.0,172800.0,1800.0,10800,10800,21600,6.0
detectors,S6_combined,10,60,60,15.0,12.0,ks,200.0,172800.0,1800.0,10800,10800,21600,6.0
detectors,S6_combined,10,60,60,15.0,12.0,cusum+page_hinkley+adwin+ks,200.0,172800.0,1800.0,10800,10800,21600,6.0
detector_thresholds,S4_step_fault,10,60,60,15.0,12.0,cusum,220.0,57600.0,1800.0,9818,9818,19636,5.45
detector_thresholds,S4_step_fault,10,60,60,15.0,6.0,cusum,220.0,57600.0,1800.0,9818,9818,19636,5.45
detector_thresholds,S4_step_fault,10,60,60,15.0,3.0,cusum,220.0,57600.0,1800.0,9818,9818,19636,5.45
detector_thresholds,S4_step_fault,10,60,60,15.0,1.5,cusum,220.0,57600.0,1800.0,9818,9818,19636,5.45
detector_thresholds,S4_step_fault,10,60,60,15.0,12.0,page_hinkley,220.0,57600.0,1800.0,9818,9818,19636,5.45
detector_thresholds,S4_step_fault,10,60,60,7.5,12.0,page_hinkley,220.0,57600.0,1800.0,9818,9818,19636,5.45
detector_thresholds,S4_step_fault,10,60,60,3.75,12.0,page_hinkley,220.0,57600.0,1800.0,9818,9818,19636,5.45
detector_thresholds,S4_step_fault,10,60,60,1.875,12.0,page_hinkley,220.0,57600.0,1800.0,9818,9818,19636,5.45
detector_thresholds,S4_step_fault,10,60,60,15.0,12.0,adwin,220.0,57600.0,1800.0,9818,9818,19636,5.45
detector_thresholds,S4_step_fault,10,60,60,15.0,12.0,ks,220.0,57600.0,1800.0,9818,9818,19636,5.45
detector_thresholds,S6_combined,10,60,60,15.0,12.0,cusum,200.0,172800.0,1800.0,10800,10800,21600,6.0
detector_thresholds,S6_combined,10,60,60,15.0,6.0,cusum,200.0,172800.0,1800.0,10800,10800,21600,6.0
detector_thresholds,S6_combined,10,60,60,15.0,3.0,cusum,200.0,172800.0,1800.0,10800,10800,21600,6.0
detector_thresholds,S6_combined,10,60,60,15.0,1.5,cusum,200.0,172800.0,1800.0,10800,10800,21600,6.0
detector_thresholds,S6_combined,10,60,60,15.0,12.0,page_hinkley,200.0,172800.0,1800.0,10800,10800,21600,6.0
detector_thresholds,S6_combined,10,60,60,7.5,12.0,page_hinkley,200.0,172800.0,1800.0,10800,10800,21600,6.0
detector_thresholds,S6_combined,10,60,60,3.75,12.0,page_hinkley,200.0,172800.0,1800.0,10800,10800,21600,6.0
detector_thresholds,S6_combined,10,60,60,1.875,12.0,page_hinkley,200.0,172800.0,1800.0,10800,10800,21600,6.0
detector_thresholds,S6_combined,10,60,60,15.0,12.0,adwin,200.0,172800.0,1800.0,10800,10800,21600,6.0
detector_thresholds,S6_combined,10,60,60,15.0,12.0,ks,200.0,172800.0,1800.0,10800,10800,21600,6.0
governance,S6_combined,10,60,60,15.0,12.0,cusum+page_hinkley,200.0,172800.0,1800.0,10800,10800,21600,6.0
recal_coverage,S4_step_fault,10,60,60,15.0,12.0,cusum+page_hinkley,220.0,57600.0,1800.0,9818,9818,19636,5.45
recal_coverage,S6_combined,10,60,60,15.0,12.0,cusum+page_hinkley,200.0,172800.0,1800.0,10800,10800,21600,6.0
