sweep,commit,runs,distinct edge configs,hash verified,control active at runtime
ladder,c1881d4f,63,3,yes,yes
ladder30,a2c70f37,630,3,yes,yes
cintron_ladder,76cc3775,63,3,yes,yes
cintron_ladder30,f10cbd83,630,3,yes,yes
heldout30,ac1af03c,360,3,yes,yes
theta2,a2c70f37,180,2,yes,no
ablation,da9ca44f,150,3,yes,yes
reference_rate,c1881d4f,180,30,yes,yes
reference_rate_ph75,6523c7de,180,30,yes,yes
reference_rate30,1d452935,1260,42,yes,yes
detectors,8cda5fd9,100,5,yes,yes
detector_thresholds,b675c9d5,340,17,yes,yes
governance,f40ca518,18,6,yes,yes
recal_coverage,76cc3775,300,15,yes,yes
