experiment_id,scenario,estimator,seed,reference_every_n,control_enabled,edge_config,edge_config_hash,git_commit,detected,missed,recall,alarms,false_alarms,false_alarms_per_hour,recalibrations,degradations,n_references,mae_kg,bias_kg,rmse_kg,dynamic_floor_kg,failed
reference_rate_fixed,S4_step_fault,rls,1,1,True,default,721e3126cffb95f2b234577ce6f70204f533980edb47bd8fdec8b532912fe112,771106946f82c9305a6ff7d0e77b3ffae8118ab7,1,1,0.5,18,17,1.0625,1,0,3452,139.812858015287,0.7681707810767118,279.3423345177789,135.85743427104407,False
reference_rate_fixed,S4_step_fault,rls,1,1,False,default,d618143c9a0302eef39ff7a71fa3cb9d2be4ca72f4a3c1bf899298e889aaea49,771106946f82c9305a6ff7d0e77b3ffae8118ab7,0,2,0.0,0,0,0.0,0,0,3452,139.91440325245642,-2.2453650421183298,281.04173865481016,135.85743427104407,False
reference_rate_fixed,S4_step_fault,rls,1,2,True,default,e313dfe4691017738e70042f93e6871c93c284c1f65bb39f8db6bb81b3d8e377,771106946f82c9305a6ff7d0e77b3ffae8118ab7,1,1,0.5,9,8,0.5,0,0,1726,141.2475331541324,-1.3264950999755047,290.2326744174304,135.85743427104407,False
reference_rate_fixed,S4_step_fault,rls,1,2,False,default,5b4164dab44821fdcf835e1968e02886e9a13f46c15a88a8b2a5e9fb7593ff42,771106946f82c9305a6ff7d0e77b3ffae8118ab7,0,2,0.0,0,0,0.0,0,0,1726,141.2475331541324,-1.3264950999755047,290.2326744174304,135.85743427104407,False
reference_rate_fixed,S4_step_fault,rls,1,3,True,default,bf45997df3af21b8c460ff5464924a014f6abb67ba90622b73300b9624695671,771106946f82c9305a6ff7d0e77b3ffae8118ab7,2,0,1.0,7,5,0.3125,1,0,1151,142.72597694567722,-8.69264623256556,288.8196160330853,135.85743427104407,False
reference_rate_fixed,S4_step_fault,rls,1,3,False,default,0fb3d6e9fdeb1aa1a7970ab403a610997a087436a0eefbd7531db6577eae67cc,771106946f82c9305a6ff7d0e77b3ffae8118ab7,0,2,0.0,0,0,0.0,0,0,1151,145.9926800313847,-23.139861473057532,302.61964391006154,135.85743427104407,False
reference_rate_fixed,S4_step_fault,rls,1,5,True,default,d68a61faff4119d851d5172f76d3fc1d38b70dd9de5dca8797e69b169ba67d2e,771106946f82c9305a6ff7d0e77b3ffae8118ab7,0,2,0.0,5,5,0.3125,0,0,691,146.4905022677698,-15.45297772528751,306.4786061694322,135.85743427104407,False
reference_rate_fixed,S4_step_fault,rls,1,5,False,default,724a0eb54606a44b8a833dff8eee79cbec14517a357dadd4c405272d33183340,771106946f82c9305a6ff7d0e77b3ffae8118ab7,0,2,0.0,0,0,0.0,0,0,691,146.4905022677698,-15.45297772528751,306.4786061694322,135.85743427104407,False
reference_rate_fixed,S4_step_fault,rls,1,10,True,default,e24746ec4f6953e8667cb591ff35737ecd7c5f2f05954dc4c1a89473509ce30a,771106946f82c9305a6ff7d0e77b3ffae8118ab7,1,1,0.5,3,2,0.125,0,0,346,157.15679163152672,-41.75432650370831,338.06537955644166,135.85743427104407,False
reference_rate_fixed,S4_step_fault,rls,1,10,False,default,012cc4adf642d5f503ae9bf829e83788e3178bff2e30110dc64ec296144f302c,771106946f82c9305a6ff7d0e77b3ffae8118ab7,0,2,0.0,0,0,0.0,0,0,346,157.15679163152672,-41.75432650370831,338.06537955644166,135.85743427104407,False
reference_rate_fixed,S4_step_fault,rls,1,20,True,default,610bd26814347086d404878c7c26924d72e4355ef1c2f615121aeb6cd264edf2,771106946f82c9305a6ff7d0e77b3ffae8118ab7,0,2,0.0,1,1,0.0625,0,0,173,160.23508207131835,-66.59964137604396,346.3105212424181,135.85743427104407,False
reference_rate_fixed,S4_step_fault,rls,1,20,False,default,23a8f540b08b02c830a6351cc65bebcd0ec502e4b549a89af3fbf596a65fac9c,771106946f82c9305a6ff7d0e77b3ffae8118ab7,0,2,0.0,0,0,0.0,0,0,173,160.23508207131835,-66.59964137604396,346.3105212424181,135.85743427104407,False
reference_rate_fixed,S4_step_fault,rls,1,50,True,default,24d646569fa15dc0b4a7b5cf1af0df1f2ddc4ebaad7d67e362e497f0a7e08ff9,771106946f82c9305a6ff7d0e77b3ffae8118ab7,0,2,0.0,0,0,0.0,0,0,70,179.18839599805384,-114.10376394681832,394.34555489816745,135.85743427104407,False
reference_rate_fixed,S4_step_fault,rls,1,50,False,default,f4158d39503e8c0df7a248227a32eb7d07e9d45c28ed5b31f614d7d94706209c,771106946f82c9305a6ff7d0e77b3ffae8118ab7,0,2,0.0,0,0,0.0,0,0,70,179.18839599805384,-114.10376394681832,394.34555489816745,135.85743427104407,False
reference_rate_fixed,S4_step_fault,rls,2,1,True,default,721e3126cffb95f2b234577ce6f70204f533980edb47bd8fdec8b532912fe112,771106946f82c9305a6ff7d0e77b3ffae8118ab7,2,0,1.0,13,11,0.6875,1,0,3544,131.74128471169786,-3.2325539283205056,268.7266727911821,128.90500309648888,False
reference_rate_fixed,S4_step_fault,rls,2,1,False,default,d618143c9a0302eef39ff7a71fa3cb9d2be4ca72f4a3c1bf899298e889aaea49,771106946f82c9305a6ff7d0e77b3ffae8118ab7,0,2,0.0,0,0,0.0,0,0,3544,131.63536605977896,-3.5828998279655457,268.95517138074234,128.90500309648888,False
reference_rate_fixed,S4_step_fault,rls,2,2,True,default,e313dfe4691017738e70042f93e6871c93c284c1f65bb39f8db6bb81b3d8e377,771106946f82c9305a6ff7d0e77b3ffae8118ab7,1,1,0.5,9,8,0.5,0,0,1772,135.55954237274253,-9.831942581742299,283.0129726976465,128.90500309648888,False
reference_rate_fixed,S4_step_fault,rls,2,2,False,default,5b4164dab44821fdcf835e1968e02886e9a13f46c15a88a8b2a5e9fb7593ff42,771106946f82c9305a6ff7d0e77b3ffae8118ab7,0,2,0.0,0,0,0.0,0,0,1772,135.55954237274253,-9.831942581742299,283.0129726976465,128.90500309648888,False
reference_rate_fixed,S4_step_fault,rls,2,3,True,default,bf45997df3af21b8c460ff5464924a014f6abb67ba90622b73300b9624695671,771106946f82c9305a6ff7d0e77b3ffae8118ab7,1,1,0.5,6,5,0.3125,0,0,1182,135.58084913766314,-9.976570737480053,280.4557608439168,128.90500309648888,False
reference_rate_fixed,S4_step_fault,rls,2,3,False,default,0fb3d6e9fdeb1aa1a7970ab403a610997a087436a0eefbd7531db6577eae67cc,771106946f82c9305a6ff7d0e77b3ffae8118ab7,0,2,0.0,0,0,0.0,0,0,1182,135.58084913766314,-9.976570737480053,280.4557608439168,128.90500309648888,False
reference_rate_fixed,S4_step_fault,rls,2,5,True,default,d68a61faff4119d851d5172f76d3fc1d38b70dd9de5dca8797e69b169ba67d2e,771106946f82c9305a6ff7d0e77b3ffae8118ab7,1,1,0.5,5,4,0.25,0,0,709,136.95272488710862,1.0127705331603218,280.9128684397384,128.90500309648888,False
reference_rate_fixed,S4_step_fault,rls,2,5,False,default,724a0eb54606a44b8a833dff8eee79cbec14517a357dadd4c405272d33183340,771106946f82c9305a6ff7d0e77b3ffae8118ab7,0,2,0.0,0,0,0.0,0,0,709,136.95272488710862,1.0127705331603218,280.9128684397384,128.90500309648888,False
reference_rate_fixed,S4_step_fault,rls,2,10,True,default,e24746ec4f6953e8667cb591ff35737ecd7c5f2f05954dc4c1a89473509ce30a,771106946f82c9305a6ff7d0e77b3ffae8118ab7,1,1,0.5,3,2,0.125,0,0,355,146.3149146986283,-5.68695925897993,313.16843892492034,128.90500309648888,False
reference_rate_fixed,S4_step_fault,rls,2,10,False,default,012cc4adf642d5f503ae9bf829e83788e3178bff2e30110dc64ec296144f302c,771106946f82c9305a6ff7d0e77b3ffae8118ab7,0,2,0.0,0,0,0.0,0,0,355,146.3149146986283,-5.68695925897993,313.16843892492034,128.90500309648888,False
reference_rate_fixed,S4_step_fault,rls,2,20,True,default,610bd26814347086d404878c7c26924d72e4355ef1c2f615121aeb6cd264edf2,771106946f82c9305a6ff7d0e77b3ffae8118ab7,0,2,0.0,1,1,0.0625,0,0,178,145.3734733553119,-15.475509454982847,307.96635177666604,128.90500309648888,False
reference_rate_fixed,S4_step_fault,rls,2,20,False,default,23a8f540b08b02c830a6351cc65bebcd0ec502e4b549a89af3fbf596a65fac9c,771106946f82c9305a6ff7d0e77b3ffae8118ab7,0,2,0.0,0,0,0.0,0,0,178,145.3734733553119,-15.475509454982847,307.96635177666604,128.90500309648888,False
reference_rate_fixed,S4_step_fault,rls,2,50,True,default,24d646569fa15dc0b4a7b5cf1af0df1f2ddc4ebaad7d67e362e497f0a7e08ff9,771106946f82c9305a6ff7d0e77b3ffae8118ab7,0,2,0.0,0,0,0.0,0,0,71,158.9676874739539,-81.39686022380545,349.37587292955374,128.90500309648888,False
reference_rate_fixed,S4_step_fault,rls,2,50,False,default,f4158d39503e8c0df7a248227a32eb7d07e9d45c28ed5b31f614d7d94706209c,771106946f82c9305a6ff7d0e77b3ffae8118ab7,0,2,0.0,0,0,0.0,0,0,71,158.9676874739539,-81.39686022380545,349.37587292955374,128.90500309648888,False
reference_rate_fixed,S4_step_fault,rls,3,1,True,default,721e3126cffb95f2b234577ce6f70204f533980edb47bd8fdec8b532912fe112,771106946f82c9305a6ff7d0e77b3ffae8118ab7,2,0,1.0,15,13,0.8125,1,0,3580,130.83534693489952,-0.3013141493690584,264.78990078774075,127.39820939505377,False
reference_rate_fixed,S4_step_fault,rls,3,1,False,default,d618143c9a0302eef39ff7a71fa3cb9d2be4ca72f4a3c1bf899298e889aaea49,771106946f82c9305a6ff7d0e77b3ffae8118ab7,0,2,0.0,0,0,0.0,0,0,3580,131.52107398094367,-2.712416410745062,266.3118056574044,127.39820939505377,False
reference_rate_fixed,S4_step_fault,rls,3,2,True,default,e313dfe4691017738e70042f93e6871c93c284c1f65bb39f8db6bb81b3d8e377,771106946f82c9305a6ff7d0e77b3ffae8118ab7,1,1,0.5,9,8,0.5,0,0,1790,134.88430229053566,-1.7553516310116286,278.27728141480986,127.39820939505377,False
reference_rate_fixed,S4_step_fault,rls,3,2,False,default,5b4164dab44821fdcf835e1968e02886e9a13f46c15a88a8b2a5e9fb7593ff42,771106946f82c9305a6ff7d0e77b3ffae8118ab7,0,2,0.0,0,0,0.0,0,0,1790,134.88430229053566,-1.7553516310116286,278.27728141480986,127.39820939505377,False
reference_rate_fixed,S4_step_fault,rls,3,3,True,default,bf45997df3af21b8c460ff5464924a014f6abb67ba90622b73300b9624695671,771106946f82c9305a6ff7d0e77b3ffae8118ab7,0,2,0.0,7,7,0.4375,0,0,1194,135.31819289943974,-8.640587276075523,280.6112853550606,127.39820939505377,False
reference_rate_fixed,S4_step_fault,rls,3,3,False,default,0fb3d6e9fdeb1aa1a7970ab403a610997a087436a0eefbd7531db6577eae67cc,771106946f82c9305a6ff7d0e77b3ffae8118ab7,0,2,0.0,0,0,0.0,0,0,1194,135.31819289943974,-8.640587276075523,280.6112853550606,127.39820939505377,False
reference_rate_fixed,S4_step_fault,rls,3,5,True,default,d68a61faff4119d851d5172f76d3fc1d38b70dd9de5dca8797e69b169ba67d2e,771106946f82c9305a6ff7d0e77b3ffae8118ab7,1,1,0.5,4,3,0.1875,0,0,716,143.35322459451996,-33.54927447263054,309.8777439160436,127.39820939505377,False
reference_rate_fixed,S4_step_fault,rls,3,5,False,default,724a0eb54606a44b8a833dff8eee79cbec14517a357dadd4c405272d33183340,771106946f82c9305a6ff7d0e77b3ffae8118ab7,0,2,0.0,0,0,0.0,0,0,716,143.35322459451996,-33.54927447263054,309.8777439160436,127.39820939505377,False
reference_rate_fixed,S4_step_fault,rls,3,10,True,default,e24746ec4f6953e8667cb591ff35737ecd7c5f2f05954dc4c1a89473509ce30a,771106946f82c9305a6ff7d0e77b3ffae8118ab7,1,1,0.5,3,2,0.125,0,0,358,147.482589842959,-40.954159041442075,322.11218715389407,127.39820939505377,False
reference_rate_fixed,S4_step_fault,rls,3,10,False,default,012cc4adf642d5f503ae9bf829e83788e3178bff2e30110dc64ec296144f302c,771106946f82c9305a6ff7d0e77b3ffae8118ab7,0,2,0.0,0,0,0.0,0,0,358,147.482589842959,-40.954159041442075,322.11218715389407,127.39820939505377,False
reference_rate_fixed,S4_step_fault,rls,3,20,True,default,610bd26814347086d404878c7c26924d72e4355ef1c2f615121aeb6cd264edf2,771106946f82c9305a6ff7d0e77b3ffae8118ab7,0,2,0.0,2,2,0.125,0,0,179,151.6503872031093,-62.83828226654471,336.34069766738435,127.39820939505377,False
reference_rate_fixed,S4_step_fault,rls,3,20,False,default,23a8f540b08b02c830a6351cc65bebcd0ec502e4b549a89af3fbf596a65fac9c,771106946f82c9305a6ff7d0e77b3ffae8118ab7,0,2,0.0,0,0,0.0,0,0,179,151.6503872031093,-62.83828226654471,336.34069766738435,127.39820939505377,False
reference_rate_fixed,S4_step_fault,rls,3,50,True,default,24d646569fa15dc0b4a7b5cf1af0df1f2ddc4ebaad7d67e362e497f0a7e08ff9,771106946f82c9305a6ff7d0e77b3ffae8118ab7,0,2,0.0,0,0,0.0,0,0,72,155.4725397524103,-81.57818964678894,346.59646731836176,127.39820939505377,False
reference_rate_fixed,S4_step_fault,rls,3,50,False,default,f4158d39503e8c0df7a248227a32eb7d07e9d45c28ed5b31f614d7d94706209c,771106946f82c9305a6ff7d0e77b3ffae8118ab7,0,2,0.0,0,0,0.0,0,0,72,155.4725397524103,-81.57818964678894,346.59646731836176,127.39820939505377,False
reference_rate_fixed,S4_step_fault,rls,4,1,True,default,721e3126cffb95f2b234577ce6f70204f533980edb47bd8fdec8b532912fe112,771106946f82c9305a6ff7d0e77b3ffae8118ab7,2,0,1.0,18,16,1.0,0,0,3569,139.10283129281078,-2.4757907876030263,286.01486149372073,134.51782288750053,False
reference_rate_fixed,S4_step_fault,rls,4,1,False,default,d618143c9a0302eef39ff7a71fa3cb9d2be4ca72f4a3c1bf899298e889aaea49,771106946f82c9305a6ff7d0e77b3ffae8118ab7,0,2,0.0,0,0,0.0,0,0,3569,139.10283129281078,-2.4757907876030263,286.01486149372073,134.51782288750053,False
reference_rate_fixed,S4_step_fault,rls,4,2,True,default,e313dfe4691017738e70042f93e6871c93c284c1f65bb39f8db6bb81b3d8e377,771106946f82c9305a6ff7d0e77b3ffae8118ab7,0,2,0.0,10,10,0.625,0,0,1785,141.63282080210143,-10.7005938006033,294.4429748856384,134.51782288750053,False
reference_rate_fixed,S4_step_fault,rls,4,2,False,default,5b4164dab44821fdcf835e1968e02886e9a13f46c15a88a8b2a5e9fb7593ff42,771106946f82c9305a6ff7d0e77b3ffae8118ab7,0,2,0.0,0,0,0.0,0,0,1785,141.63282080210143,-10.7005938006033,294.4429748856384,134.51782288750053,False
reference_rate_fixed,S4_step_fault,rls,4,3,True,default,bf45997df3af21b8c460ff5464924a014f6abb67ba90622b73300b9624695671,771106946f82c9305a6ff7d0e77b3ffae8118ab7,2,0,1.0,7,5,0.3125,0,0,1190,142.28453638262994,-1.2989365474578636,296.0701301160584,134.51782288750053,False
reference_rate_fixed,S4_step_fault,rls,4,3,False,default,0fb3d6e9fdeb1aa1a7970ab403a610997a087436a0eefbd7531db6577eae67cc,771106946f82c9305a6ff7d0e77b3ffae8118ab7,0,2,0.0,0,0,0.0,0,0,1190,142.28453638262994,-1.2989365474578636,296.0701301160584,134.51782288750053,False
reference_rate_fixed,S4_step_fault,rls,4,5,True,default,d68a61faff4119d851d5172f76d3fc1d38b70dd9de5dca8797e69b169ba67d2e,771106946f82c9305a6ff7d0e77b3ffae8118ab7,1,1,0.5,4,3,0.1875,0,0,714,146.80775256020422,-18.64695206799289,309.8659229038014,134.51782288750053,False
reference_rate_fixed,S4_step_fault,rls,4,5,False,default,724a0eb54606a44b8a833dff8eee79cbec14517a357dadd4c405272d33183340,771106946f82c9305a6ff7d0e77b3ffae8118ab7,0,2,0.0,0,0,0.0,0,0,714,146.80775256020422,-18.64695206799289,309.8659229038014,134.51782288750053,False
reference_rate_fixed,S4_step_fault,rls,4,10,True,default,e24746ec4f6953e8667cb591ff35737ecd7c5f2f05954dc4c1a89473509ce30a,771106946f82c9305a6ff7d0e77b3ffae8118ab7,0,2,0.0,3,3,0.1875,0,0,357,151.6981932585968,-26.939354920488718,322.38937153408966,134.51782288750053,False
reference_rate_fixed,S4_step_fault,rls,4,10,False,default,012cc4adf642d5f503ae9bf829e83788e3178bff2e30110dc64ec296144f302c,771106946f82c9305a6ff7d0e77b3ffae8118ab7,0,2,0.0,0,0,0.0,0,0,357,151.6981932585968,-26.939354920488718,322.38937153408966,134.51782288750053,False
reference_rate_fixed,S4_step_fault,rls,4,20,True,default,610bd26814347086d404878c7c26924d72e4355ef1c2f615121aeb6cd264edf2,771106946f82c9305a6ff7d0e77b3ffae8118ab7,0,2,0.0,2,2,0.125,0,0,179,161.32147899895608,-62.37815641764328,351.67267689515097,134.51782288750053,False
reference_rate_fixed,S4_step_fault,rls,4,20,False,default,23a8f540b08b02c830a6351cc65bebcd0ec502e4b549a89af3fbf596a65fac9c,771106946f82c9305a6ff7d0e77b3ffae8118ab7,0,2,0.0,0,0,0.0,0,0,179,161.32147899895608,-62.37815641764328,351.67267689515097,134.51782288750053,False
reference_rate_fixed,S4_step_fault,rls,4,50,True,default,24d646569fa15dc0b4a7b5cf1af0df1f2ddc4ebaad7d67e362e497f0a7e08ff9,771106946f82c9305a6ff7d0e77b3ffae8118ab7,0,2,0.0,0,0,0.0,0,0,72,166.18910947755978,-92.8811362213481,366.166313210472,134.51782288750053,False
reference_rate_fixed,S4_step_fault,rls,4,50,False,default,f4158d39503e8c0df7a248227a32eb7d07e9d45c28ed5b31f614d7d94706209c,771106946f82c9305a6ff7d0e77b3ffae8118ab7,0,2,0.0,0,0,0.0,0,0,72,166.18910947755978,-92.8811362213481,366.166313210472,134.51782288750053,False
reference_rate_fixed,S4_step_fault,rls,5,1,True,default,721e3126cffb95f2b234577ce6f70204f533980edb47bd8fdec8b532912fe112,771106946f82c9305a6ff7d0e77b3ffae8118ab7,2,0,1.0,17,15,0.9375,3,0,3552,136.3746644321068,0.8716433395343077,277.8850367777822,131.6830372492218,False
reference_rate_fixed,S4_step_fault,rls,5,1,False,default,d618143c9a0302eef39ff7a71fa3cb9d2be4ca72f4a3c1bf899298e889aaea49,771106946f82c9305a6ff7d0e77b3ffae8118ab7,0,2,0.0,0,0,0.0,0,0,3552,137.2204750246061,-2.2023302738313237,281.780606085512,131.6830372492218,False
reference_rate_fixed,S4_step_fault,rls,5,2,True,default,e313dfe4691017738e70042f93e6871c93c284c1f65bb39f8db6bb81b3d8e377,771106946f82c9305a6ff7d0e77b3ffae8118ab7,0,2,0.0,9,9,0.5625,0,0,1776,139.35957138502093,-8.653789822940787,289.25887049612857,131.6830372492218,False
reference_rate_fixed,S4_step_fault,rls,5,2,False,default,5b4164dab44821fdcf835e1968e02886e9a13f46c15a88a8b2a5e9fb7593ff42,771106946f82c9305a6ff7d0e77b3ffae8118ab7,0,2,0.0,0,0,0.0,0,0,1776,139.35957138502093,-8.653789822940787,289.25887049612857,131.6830372492218,False
reference_rate_fixed,S4_step_fault,rls,5,3,True,default,bf45997df3af21b8c460ff5464924a014f6abb67ba90622b73300b9624695671,771106946f82c9305a6ff7d0e77b3ffae8118ab7,2,0,1.0,7,5,0.3125,1,0,1184,139.30922846972064,-0.659913290628694,289.7454174114911,131.6830372492218,False
reference_rate_fixed,S4_step_fault,rls,5,3,False,default,0fb3d6e9fdeb1aa1a7970ab403a610997a087436a0eefbd7531db6577eae67cc,771106946f82c9305a6ff7d0e77b3ffae8118ab7,0,2,0.0,0,0,0.0,0,0,1184,141.2132693669591,-14.610998990254098,296.88888215223744,131.6830372492218,False
reference_rate_fixed,S4_step_fault,rls,5,5,True,default,d68a61faff4119d851d5172f76d3fc1d38b70dd9de5dca8797e69b169ba67d2e,771106946f82c9305a6ff7d0e77b3ffae8118ab7,1,1,0.5,4,3,0.1875,0,0,711,147.41963280008108,-18.372071824065106,318.4829306928346,131.6830372492218,False
reference_rate_fixed,S4_step_fault,rls,5,5,False,default,724a0eb54606a44b8a833dff8eee79cbec14517a357dadd4c405272d33183340,771106946f82c9305a6ff7d0e77b3ffae8118ab7,0,2,0.0,0,0,0.0,0,0,711,147.41963280008108,-18.372071824065106,318.4829306928346,131.6830372492218,False
reference_rate_fixed,S4_step_fault,rls,5,10,True,default,e24746ec4f6953e8667cb591ff35737ecd7c5f2f05954dc4c1a89473509ce30a,771106946f82c9305a6ff7d0e77b3ffae8118ab7,2,0,1.0,3,1,0.0625,0,0,356,150.95964692169755,-32.40353852843975,328.53415373047994,131.6830372492218,False
reference_rate_fixed,S4_step_fault,rls,5,10,False,default,012cc4adf642d5f503ae9bf829e83788e3178bff2e30110dc64ec296144f302c,771106946f82c9305a6ff7d0e77b3ffae8118ab7,0,2,0.0,0,0,0.0,0,0,356,150.95964692169755,-32.40353852843975,328.53415373047994,131.6830372492218,False
reference_rate_fixed,S4_step_fault,rls,5,20,True,default,610bd26814347086d404878c7c26924d72e4355ef1c2f615121aeb6cd264edf2,771106946f82c9305a6ff7d0e77b3ffae8118ab7,0,2,0.0,1,1,0.0625,0,0,178,155.12250071454304,-60.81860574607633,341.66805145214056,131.6830372492218,False
reference_rate_fixed,S4_step_fault,rls,5,20,False,default,23a8f540b08b02c830a6351cc65bebcd0ec502e4b549a89af3fbf596a65fac9c,771106946f82c9305a6ff7d0e77b3ffae8118ab7,0,2,0.0,0,0,0.0,0,0,178,155.12250071454304,-60.81860574607633,341.66805145214056,131.6830372492218,False
reference_rate_fixed,S4_step_fault,rls,5,50,True,default,24d646569fa15dc0b4a7b5cf1af0df1f2ddc4ebaad7d67e362e497f0a7e08ff9,771106946f82c9305a6ff7d0e77b3ffae8118ab7,0,2,0.0,0,0,0.0,0,0,72,169.51303620906302,-102.2968764953048,383.61446615307125,131.6830372492218,False
reference_rate_fixed,S4_step_fault,rls,5,50,False,default,f4158d39503e8c0df7a248227a32eb7d07e9d45c28ed5b31f614d7d94706209c,771106946f82c9305a6ff7d0e77b3ffae8118ab7,0,2,0.0,0,0,0.0,0,0,72,169.51303620906302,-102.2968764953048,383.61446615307125,131.6830372492218,False
reference_rate_fixed,S4_step_fault,rls,6,1,True,default,721e3126cffb95f2b234577ce6f70204f533980edb47bd8fdec8b532912fe112,771106946f82c9305a6ff7d0e77b3ffae8118ab7,0,2,0.0,19,19,1.1875,2,0,3513,143.66038734955313,-0.2534639482903473,286.6177856511673,140.3786049001755,False
reference_rate_fixed,S4_step_fault,rls,6,1,False,default,d618143c9a0302eef39ff7a71fa3cb9d2be4ca72f4a3c1bf899298e889aaea49,771106946f82c9305a6ff7d0e77b3ffae8118ab7,0,2,0.0,0,0,0.0,0,0,3513,144.17570092747764,-3.0500472928351465,288.27507930783474,140.3786049001755,False
reference_rate_fixed,S4_step_fault,rls,6,2,True,default,e313dfe4691017738e70042f93e6871c93c284c1f65bb39f8db6bb81b3d8e377,771106946f82c9305a6ff7d0e77b3ffae8118ab7,2,0,1.0,9,7,0.4375,1,0,1757,145.98768106429293,-0.4812459373461267,293.3869044643662,140.3786049001755,False
reference_rate_fixed,S4_step_fault,rls,6,2,False,default,5b4164dab44821fdcf835e1968e02886e9a13f46c15a88a8b2a5e9fb7593ff42,771106946f82c9305a6ff7d0e77b3ffae8118ab7,0,2,0.0,0,0,0.0,0,0,1757,146.88016400120767,-7.998952097281922,296.3851059296471,140.3786049001755,False
reference_rate_fixed,S4_step_fault,rls,6,3,True,default,bf45997df3af21b8c460ff5464924a014f6abb67ba90622b73300b9624695671,771106946f82c9305a6ff7d0e77b3ffae8118ab7,1,1,0.5,9,8,0.5,2,0,1171,146.91329023266167,11.654097339826327,300.81198201486916,140.3786049001755,False
reference_rate_fixed,S4_step_fault,rls,6,3,False,default,0fb3d6e9fdeb1aa1a7970ab403a610997a087436a0eefbd7531db6577eae67cc,771106946f82c9305a6ff7d0e77b3ffae8118ab7,0,2,0.0,0,0,0.0,0,0,1171,148.86564793366063,-0.5200525573507728,306.0654972359562,140.3786049001755,False
reference_rate_fixed,S4_step_fault,rls,6,5,True,default,d68a61faff4119d851d5172f76d3fc1d38b70dd9de5dca8797e69b169ba67d2e,771106946f82c9305a6ff7d0e77b3ffae8118ab7,1,1,0.5,6,5,0.3125,1,0,703,157.7391600471201,-25.568510139142127,330.3650423598774,140.3786049001755,False
reference_rate_fixed,S4_step_fault,rls,6,5,False,default,724a0eb54606a44b8a833dff8eee79cbec14517a357dadd4c405272d33183340,771106946f82c9305a6ff7d0e77b3ffae8118ab7,0,2,0.0,0,0,0.0,0,0,703,156.27852000604253,-25.454626401456615,328.7528919685437,140.3786049001755,False
reference_rate_fixed,S4_step_fault,rls,6,10,True,default,e24746ec4f6953e8667cb591ff35737ecd7c5f2f05954dc4c1a89473509ce30a,771106946f82c9305a6ff7d0e77b3ffae8118ab7,1,1,0.5,3,2,0.125,0,0,352,163.13115776899227,-45.42677797109383,349.7128459466342,140.3786049001755,False
reference_rate_fixed,S4_step_fault,rls,6,10,False,default,012cc4adf642d5f503ae9bf829e83788e3178bff2e30110dc64ec296144f302c,771106946f82c9305a6ff7d0e77b3ffae8118ab7,0,2,0.0,0,0,0.0,0,0,352,163.13115776899227,-45.42677797109383,349.7128459466342,140.3786049001755,False
reference_rate_fixed,S4_step_fault,rls,6,20,True,default,610bd26814347086d404878c7c26924d72e4355ef1c2f615121aeb6cd264edf2,771106946f82c9305a6ff7d0e77b3ffae8118ab7,0,2,0.0,2,2,0.125,0,0,176,172.41400765611462,-77.90691262656074,372.8705386412266,140.3786049001755,False
reference_rate_fixed,S4_step_fault,rls,6,20,False,default,23a8f540b08b02c830a6351cc65bebcd0ec502e4b549a89af3fbf596a65fac9c,771106946f82c9305a6ff7d0e77b3ffae8118ab7,0,2,0.0,0,0,0.0,0,0,176,172.41400765611462,-77.90691262656074,372.8705386412266,140.3786049001755,False
reference_rate_fixed,S4_step_fault,rls,6,50,True,default,24d646569fa15dc0b4a7b5cf1af0df1f2ddc4ebaad7d67e362e497f0a7e08ff9,771106946f82c9305a6ff7d0e77b3ffae8118ab7,0,2,0.0,0,0,0.0,0,0,71,185.32139141987363,-118.47271452987202,399.8817457884393,140.3786049001755,False
reference_rate_fixed,S4_step_fault,rls,6,50,False,default,f4158d39503e8c0df7a248227a32eb7d07e9d45c28ed5b31f614d7d94706209c,771106946f82c9305a6ff7d0e77b3ffae8118ab7,0,2,0.0,0,0,0.0,0,0,71,185.32139141987363,-118.47271452987202,399.8817457884393,140.3786049001755,False
reference_rate_fixed,S4_step_fault,rls,7,1,True,default,721e3126cffb95f2b234577ce6f70204f533980edb47bd8fdec8b532912fe112,771106946f82c9305a6ff7d0e77b3ffae8118ab7,1,1,0.5,17,16,1.0,1,0,3428,141.0639708955706,-4.907807173281443,286.2052575475724,138.3835552589546,False
reference_rate_fixed,S4_step_fault,rls,7,1,False,default,d618143c9a0302eef39ff7a71fa3cb9d2be4ca72f4a3c1bf899298e889aaea49,771106946f82c9305a6ff7d0e77b3ffae8118ab7,0,2,0.0,0,0,0.0,0,0,3428,140.84110363812195,-5.712748098951393,285.6045215940011,138.3835552589546,False
reference_rate_fixed,S4_step_fault,rls,7,2,True,default,e313dfe4691017738e70042f93e6871c93c284c1f65bb39f8db6bb81b3d8e377,771106946f82c9305a6ff7d0e77b3ffae8118ab7,1,1,0.5,10,9,0.5625,0,0,1715,143.7726155624738,-11.266224941180814,297.9101109846969,138.3835552589546,False
reference_rate_fixed,S4_step_fault,rls,7,2,False,default,5b4164dab44821fdcf835e1968e02886e9a13f46c15a88a8b2a5e9fb7593ff42,771106946f82c9305a6ff7d0e77b3ffae8118ab7,0,2,0.0,0,0,0.0,0,0,1715,143.7726155624738,-11.266224941180814,297.9101109846969,138.3835552589546,False
reference_rate_fixed,S4_step_fault,rls,7,3,True,default,bf45997df3af21b8c460ff5464924a014f6abb67ba90622b73300b9624695671,771106946f82c9305a6ff7d0e77b3ffae8118ab7,1,1,0.5,7,6,0.375,0,0,1142,144.45401109315307,-14.581350427385484,303.40989305747127,138.3835552589546,False
reference_rate_fixed,S4_step_fault,rls,7,3,False,default,0fb3d6e9fdeb1aa1a7970ab403a610997a087436a0eefbd7531db6577eae67cc,771106946f82c9305a6ff7d0e77b3ffae8118ab7,0,2,0.0,0,0,0.0,0,0,1142,144.45401109315307,-14.581350427385484,303.40989305747127,138.3835552589546,False
reference_rate_fixed,S4_step_fault,rls,7,5,True,default,d68a61faff4119d851d5172f76d3fc1d38b70dd9de5dca8797e69b169ba67d2e,771106946f82c9305a6ff7d0e77b3ffae8118ab7,0,2,0.0,5,5,0.3125,0,0,686,144.51015340891465,-21.805712784479947,302.41878651398173,138.3835552589546,False
reference_rate_fixed,S4_step_fault,rls,7,5,False,default,724a0eb54606a44b8a833dff8eee79cbec14517a357dadd4c405272d33183340,771106946f82c9305a6ff7d0e77b3ffae8118ab7,0,2,0.0,0,0,0.0,0,0,686,144.51015340891465,-21.805712784479947,302.41878651398173,138.3835552589546,False
reference_rate_fixed,S4_step_fault,rls,7,10,True,default,e24746ec4f6953e8667cb591ff35737ecd7c5f2f05954dc4c1a89473509ce30a,771106946f82c9305a6ff7d0e77b3ffae8118ab7,2,0,1.0,3,1,0.0625,0,0,343,153.66650338042078,-57.24732648094179,332.6027888035004,138.3835552589546,False
reference_rate_fixed,S4_step_fault,rls,7,10,False,default,012cc4adf642d5f503ae9bf829e83788e3178bff2e30110dc64ec296144f302c,771106946f82c9305a6ff7d0e77b3ffae8118ab7,0,2,0.0,0,0,0.0,0,0,343,153.66650338042078,-57.24732648094179,332.6027888035004,138.3835552589546,False
reference_rate_fixed,S4_step_fault,rls,7,20,True,default,610bd26814347086d404878c7c26924d72e4355ef1c2f615121aeb6cd264edf2,771106946f82c9305a6ff7d0e77b3ffae8118ab7,0,2,0.0,1,1,0.0625,0,0,172,164.22424834872217,-82.06655166225777,362.5779877650818,138.3835552589546,False
reference_rate_fixed,S4_step_fault,rls,7,20,False,default,23a8f540b08b02c830a6351cc65bebcd0ec502e4b549a89af3fbf596a65fac9c,771106946f82c9305a6ff7d0e77b3ffae8118ab7,0,2,0.0,0,0,0.0,0,0,172,164.22424834872217,-82.06655166225777,362.5779877650818,138.3835552589546,False
reference_rate_fixed,S4_step_fault,rls,7,50,True,default,24d646569fa15dc0b4a7b5cf1af0df1f2ddc4ebaad7d67e362e497f0a7e08ff9,771106946f82c9305a6ff7d0e77b3ffae8118ab7,0,2,0.0,0,0,0.0,0,0,69,183.4388039536993,-126.12002893256715,421.7829930522416,138.3835552589546,False
reference_rate_fixed,S4_step_fault,rls,7,50,False,default,f4158d39503e8c0df7a248227a32eb7d07e9d45c28ed5b31f614d7d94706209c,771106946f82c9305a6ff7d0e77b3ffae8118ab7,0,2,0.0,0,0,0.0,0,0,69,183.4388039536993,-126.12002893256715,421.7829930522416,138.3835552589546,False
reference_rate_fixed,S4_step_fault,rls,8,1,True,default,721e3126cffb95f2b234577ce6f70204f533980edb47bd8fdec8b532912fe112,771106946f82c9305a6ff7d0e77b3ffae8118ab7,1,1,0.5,18,17,1.0625,0,0,3525,140.40800360161666,-3.660062294170978,286.0947259340378,135.53119393704583,False
reference_rate_fixed,S4_step_fault,rls,8,1,False,default,d618143c9a0302eef39ff7a71fa3cb9d2be4ca72f4a3c1bf899298e889aaea49,771106946f82c9305a6ff7d0e77b3ffae8118ab7,0,2,0.0,0,0,0.0,0,0,3525,140.40800360161666,-3.660062294170978,286.0947259340378,135.53119393704583,False
reference_rate_fixed,S4_step_fault,rls,8,2,True,default,e313dfe4691017738e70042f93e6871c93c284c1f65bb39f8db6bb81b3d8e377,771106946f82c9305a6ff7d0e77b3ffae8118ab7,2,0,1.0,9,7,0.4375,1,0,1763,141.8807387597123,8.539046693889812,295.08981579804987,135.53119393704583,False
reference_rate_fixed,S4_step_fault,rls,8,2,False,default,5b4164dab44821fdcf835e1968e02886e9a13f46c15a88a8b2a5e9fb7593ff42,771106946f82c9305a6ff7d0e77b3ffae8118ab7,0,2,0.0,0,0,0.0,0,0,1763,142.71475243840544,2.240901296228248,298.6686769006459,135.53119393704583,False
reference_rate_fixed,S4_step_fault,rls,8,3,True,default,bf45997df3af21b8c460ff5464924a014f6abb67ba90622b73300b9624695671,771106946f82c9305a6ff7d0e77b3ffae8118ab7,0,2,0.0,7,7,0.4375,0,0,1176,145.20395949270332,-10.865500934018042,307.0962937122425,135.53119393704583,False
reference_rate_fixed,S4_step_fault,rls,8,3,False,default,0fb3d6e9fdeb1aa1a7970ab403a610997a087436a0eefbd7531db6577eae67cc,771106946f82c9305a6ff7d0e77b3ffae8118ab7,0,2,0.0,0,0,0.0,0,0,1176,145.20395949270332,-10.865500934018042,307.0962937122425,135.53119393704583,False
reference_rate_fixed,S4_step_fault,rls,8,5,True,default,d68a61faff4119d851d5172f76d3fc1d38b70dd9de5dca8797e69b169ba67d2e,771106946f82c9305a6ff7d0e77b3ffae8118ab7,0,2,0.0,4,4,0.25,0,0,705,148.30255521533854,-4.921348330835721,317.41424244360286,135.53119393704583,False
reference_rate_fixed,S4_step_fault,rls,8,5,False,default,724a0eb54606a44b8a833dff8eee79cbec14517a357dadd4c405272d33183340,771106946f82c9305a6ff7d0e77b3ffae8118ab7,0,2,0.0,0,0,0.0,0,0,705,148.30255521533854,-4.921348330835721,317.41424244360286,135.53119393704583,False
reference_rate_fixed,S4_step_fault,rls,8,10,True,default,e24746ec4f6953e8667cb591ff35737ecd7c5f2f05954dc4c1a89473509ce30a,771106946f82c9305a6ff7d0e77b3ffae8118ab7,0,2,0.0,2,2,0.125,0,0,353,150.81125305493399,-18.294716891528857,328.3153426806517,135.53119393704583,False
reference_rate_fixed,S4_step_fault,rls,8,10,False,default,012cc4adf642d5f503ae9bf829e83788e3178bff2e30110dc64ec296144f302c,771106946f82c9305a6ff7d0e77b3ffae8118ab7,0,2,0.0,0,0,0.0,0,0,353,150.81125305493399,-18.294716891528857,328.3153426806517,135.53119393704583,False
reference_rate_fixed,S4_step_fault,rls,8,20,True,default,610bd26814347086d404878c7c26924d72e4355ef1c2f615121aeb6cd264edf2,771106946f82c9305a6ff7d0e77b3ffae8118ab7,0,2,0.0,1,1,0.0625,0,0,177,153.51344998585708,-33.5200201965,331.1869289849695,135.53119393704583,False
reference_rate_fixed,S4_step_fault,rls,8,20,False,default,23a8f540b08b02c830a6351cc65bebcd0ec502e4b549a89af3fbf596a65fac9c,771106946f82c9305a6ff7d0e77b3ffae8118ab7,0,2,0.0,0,0,0.0,0,0,177,153.51344998585708,-33.5200201965,331.1869289849695,135.53119393704583,False
reference_rate_fixed,S4_step_fault,rls,8,50,True,default,24d646569fa15dc0b4a7b5cf1af0df1f2ddc4ebaad7d67e362e497f0a7e08ff9,771106946f82c9305a6ff7d0e77b3ffae8118ab7,0,2,0.0,0,0,0.0,0,0,71,171.78387139535704,-92.9299294753679,390.6904106101336,135.53119393704583,False
reference_rate_fixed,S4_step_fault,rls,8,50,False,default,f4158d39503e8c0df7a248227a32eb7d07e9d45c28ed5b31f614d7d94706209c,771106946f82c9305a6ff7d0e77b3ffae8118ab7,0,2,0.0,0,0,0.0,0,0,71,171.78387139535704,-92.9299294753679,390.6904106101336,135.53119393704583,False
reference_rate_fixed,S4_step_fault,rls,9,1,True,default,721e3126cffb95f2b234577ce6f70204f533980edb47bd8fdec8b532912fe112,771106946f82c9305a6ff7d0e77b3ffae8118ab7,1,1,0.5,15,14,0.875,1,0,3456,134.50438693205768,-5.911806071864214,276.9368392980585,130.8350077304496,False
reference_rate_fixed,S4_step_fault,rls,9,1,False,default,d618143c9a0302eef39ff7a71fa3cb9d2be4ca72f4a3c1bf899298e889aaea49,771106946f82c9305a6ff7d0e77b3ffae8118ab7,0,2,0.0,0,0,0.0,0,0,3456,134.70404748641798,-4.219880781464346,277.3524558779953,130.8350077304496,False
reference_rate_fixed,S4_step_fault,rls,9,2,True,default,e313dfe4691017738e70042f93e6871c93c284c1f65bb39f8db6bb81b3d8e377,771106946f82c9305a6ff7d0e77b3ffae8118ab7,0,2,0.0,7,7,0.4375,1,0,1729,136.1856367707531,-2.0552454933091564,281.1787408850107,130.8350077304496,False
reference_rate_fixed,S4_step_fault,rls,9,2,False,default,5b4164dab44821fdcf835e1968e02886e9a13f46c15a88a8b2a5e9fb7593ff42,771106946f82c9305a6ff7d0e77b3ffae8118ab7,0,2,0.0,0,0,0.0,0,0,1729,136.65205930525653,-6.135533405393832,286.1175753041802,130.8350077304496,False
reference_rate_fixed,S4_step_fault,rls,9,3,True,default,bf45997df3af21b8c460ff5464924a014f6abb67ba90622b73300b9624695671,771106946f82c9305a6ff7d0e77b3ffae8118ab7,0,2,0.0,4,4,0.25,0,0,1153,139.7239930432808,8.731329914777596,296.41733923080625,130.8350077304496,False
reference_rate_fixed,S4_step_fault,rls,9,3,False,default,0fb3d6e9fdeb1aa1a7970ab403a610997a087436a0eefbd7531db6577eae67cc,771106946f82c9305a6ff7d0e77b3ffae8118ab7,0,2,0.0,0,0,0.0,0,0,1153,139.7239930432808,8.731329914777596,296.41733923080625,130.8350077304496,False
reference_rate_fixed,S4_step_fault,rls,9,5,True,default,d68a61faff4119d851d5172f76d3fc1d38b70dd9de5dca8797e69b169ba67d2e,771106946f82c9305a6ff7d0e77b3ffae8118ab7,0,2,0.0,3,3,0.1875,0,0,691,143.6557477919191,-22.0413479425919,311.2889826445387,130.8350077304496,False
reference_rate_fixed,S4_step_fault,rls,9,5,False,default,724a0eb54606a44b8a833dff8eee79cbec14517a357dadd4c405272d33183340,771106946f82c9305a6ff7d0e77b3ffae8118ab7,0,2,0.0,0,0,0.0,0,0,691,143.6557477919191,-22.0413479425919,311.2889826445387,130.8350077304496,False
reference_rate_fixed,S4_step_fault,rls,9,10,True,default,e24746ec4f6953e8667cb591ff35737ecd7c5f2f05954dc4c1a89473509ce30a,771106946f82c9305a6ff7d0e77b3ffae8118ab7,0,2,0.0,2,2,0.125,0,0,346,147.92385248927897,-41.2862498391332,320.80232818922764,130.8350077304496,False
reference_rate_fixed,S4_step_fault,rls,9,10,False,default,012cc4adf642d5f503ae9bf829e83788e3178bff2e30110dc64ec296144f302c,771106946f82c9305a6ff7d0e77b3ffae8118ab7,0,2,0.0,0,0,0.0,0,0,346,147.92385248927897,-41.2862498391332,320.80232818922764,130.8350077304496,False
reference_rate_fixed,S4_step_fault,rls,9,20,True,default,610bd26814347086d404878c7c26924d72e4355ef1c2f615121aeb6cd264edf2,771106946f82c9305a6ff7d0e77b3ffae8118ab7,0,2,0.0,1,1,0.0625,0,0,173,154.54536697125639,-64.7921521415926,338.5803114618384,130.8350077304496,False
reference_rate_fixed,S4_step_fault,rls,9,20,False,default,23a8f540b08b02c830a6351cc65bebcd0ec502e4b549a89af3fbf596a65fac9c,771106946f82c9305a6ff7d0e77b3ffae8118ab7,0,2,0.0,0,0,0.0,0,0,173,154.54536697125639,-64.7921521415926,338.5803114618384,130.8350077304496,False
reference_rate_fixed,S4_step_fault,rls,9,50,True,default,24d646569fa15dc0b4a7b5cf1af0df1f2ddc4ebaad7d67e362e497f0a7e08ff9,771106946f82c9305a6ff7d0e77b3ffae8118ab7,0,2,0.0,0,0,0.0,0,0,70,169.54848002774347,-107.39991325446749,380.91881975182685,130.8350077304496,False
reference_rate_fixed,S4_step_fault,rls,9,50,False,default,f4158d39503e8c0df7a248227a32eb7d07e9d45c28ed5b31f614d7d94706209c,771106946f82c9305a6ff7d0e77b3ffae8118ab7,0,2,0.0,0,0,0.0,0,0,70,169.54848002774347,-107.39991325446749,380.91881975182685,130.8350077304496,False
reference_rate_fixed,S4_step_fault,rls,10,1,True,default,721e3126cffb95f2b234577ce6f70204f533980edb47bd8fdec8b532912fe112,771106946f82c9305a6ff7d0e77b3ffae8118ab7,0,2,0.0,4,4,0.25,1,1,3488,142.58143562236205,-0.09793904315952782,285.99528162873594,140.73465614468518,False
reference_rate_fixed,S4_step_fault,rls,10,1,False,default,d618143c9a0302eef39ff7a71fa3cb9d2be4ca72f4a3c1bf899298e889aaea49,771106946f82c9305a6ff7d0e77b3ffae8118ab7,0,2,0.0,0,0,0.0,0,0,3488,143.56198245300797,-3.403888181253136,289.57021001558695,140.73465614468518,False
reference_rate_fixed,S4_step_fault,rls,10,2,True,default,e313dfe4691017738e70042f93e6871c93c284c1f65bb39f8db6bb81b3d8e377,771106946f82c9305a6ff7d0e77b3ffae8118ab7,1,1,0.5,9,8,0.5,3,1,1744,146.8264975408937,-7.64687506579027,303.2673655855887,140.73465614468518,False
reference_rate_fixed,S4_step_fault,rls,10,2,False,default,5b4164dab44821fdcf835e1968e02886e9a13f46c15a88a8b2a5e9fb7593ff42,771106946f82c9305a6ff7d0e77b3ffae8118ab7,0,2,0.0,0,0,0.0,0,0,1744,146.34616182066955,-12.845579480866403,301.7966400536524,140.73465614468518,False
reference_rate_fixed,S4_step_fault,rls,10,3,True,default,bf45997df3af21b8c460ff5464924a014f6abb67ba90622b73300b9624695671,771106946f82c9305a6ff7d0e77b3ffae8118ab7,1,1,0.5,6,5,0.3125,2,0,1163,145.42180057180025,3.279014851223322,296.4969403247797,140.73465614468518,False
reference_rate_fixed,S4_step_fault,rls,10,3,False,default,0fb3d6e9fdeb1aa1a7970ab403a610997a087436a0eefbd7531db6577eae67cc,771106946f82c9305a6ff7d0e77b3ffae8118ab7,0,2,0.0,0,0,0.0,0,0,1163,147.1159423599684,-12.297817965411577,302.9784174554571,140.73465614468518,False
reference_rate_fixed,S4_step_fault,rls,10,5,True,default,d68a61faff4119d851d5172f76d3fc1d38b70dd9de5dca8797e69b169ba67d2e,771106946f82c9305a6ff7d0e77b3ffae8118ab7,2,0,1.0,4,2,0.125,2,0,698,148.28882275561926,-3.945035952809442,306.73482388331854,140.73465614468518,False
reference_rate_fixed,S4_step_fault,rls,10,5,False,default,724a0eb54606a44b8a833dff8eee79cbec14517a357dadd4c405272d33183340,771106946f82c9305a6ff7d0e77b3ffae8118ab7,0,2,0.0,0,0,0.0,0,0,698,152.6245602144624,-25.01912979156745,321.9470874080619,140.73465614468518,False
reference_rate_fixed,S4_step_fault,rls,10,10,True,default,e24746ec4f6953e8667cb591ff35737ecd7c5f2f05954dc4c1a89473509ce30a,771106946f82c9305a6ff7d0e77b3ffae8118ab7,0,2,0.0,2,2,0.125,0,0,349,158.1047097042401,-51.52791114137549,338.16704536955444,140.73465614468518,False
reference_rate_fixed,S4_step_fault,rls,10,10,False,default,012cc4adf642d5f503ae9bf829e83788e3178bff2e30110dc64ec296144f302c,771106946f82c9305a6ff7d0e77b3ffae8118ab7,0,2,0.0,0,0,0.0,0,0,349,158.1047097042401,-51.52791114137549,338.16704536955444,140.73465614468518,False
reference_rate_fixed,S4_step_fault,rls,10,20,True,default,610bd26814347086d404878c7c26924d72e4355ef1c2f615121aeb6cd264edf2,771106946f82c9305a6ff7d0e77b3ffae8118ab7,0,2,0.0,1,1,0.0625,0,0,175,166.72959259832515,-74.37958413202794,356.39410826098646,140.73465614468518,False
reference_rate_fixed,S4_step_fault,rls,10,20,False,default,23a8f540b08b02c830a6351cc65bebcd0ec502e4b549a89af3fbf596a65fac9c,771106946f82c9305a6ff7d0e77b3ffae8118ab7,0,2,0.0,0,0,0.0,0,0,175,166.72959259832515,-74.37958413202794,356.39410826098646,140.73465614468518,False
reference_rate_fixed,S4_step_fault,rls,10,50,True,default,24d646569fa15dc0b4a7b5cf1af0df1f2ddc4ebaad7d67e362e497f0a7e08ff9,771106946f82c9305a6ff7d0e77b3ffae8118ab7,0,2,0.0,0,0,0.0,0,0,70,175.1852121467578,-87.53400748140025,375.09482023670785,140.73465614468518,False
reference_rate_fixed,S4_step_fault,rls,10,50,False,default,f4158d39503e8c0df7a248227a32eb7d07e9d45c28ed5b31f614d7d94706209c,771106946f82c9305a6ff7d0e77b3ffae8118ab7,0,2,0.0,0,0,0.0,0,0,70,175.1852121467578,-87.53400748140025,375.09482023670785,140.73465614468518,False
reference_rate_fixed,S7_sparse_reference,rls,1,1,True,default,721e3126cffb95f2b234577ce6f70204f533980edb47bd8fdec8b532912fe112,771106946f82c9305a6ff7d0e77b3ffae8118ab7,1,0,1.0,37,36,3.0,1,0,7169,160.13218107624027,-3.4704691382104262,319.2628674874968,158.1217684016896,False
reference_rate_fixed,S7_sparse_reference,rls,1,1,False,default,d618143c9a0302eef39ff7a71fa3cb9d2be4ca72f4a3c1bf899298e889aaea49,771106946f82c9305a6ff7d0e77b3ffae8118ab7,0,1,0.0,0,0,0.0,0,0,7169,160.0253586724859,-2.9610644096313563,318.9336546919511,158.1217684016896,False
reference_rate_fixed,S7_sparse_reference,rls,1,2,True,default,e313dfe4691017738e70042f93e6871c93c284c1f65bb39f8db6bb81b3d8e377,771106946f82c9305a6ff7d0e77b3ffae8118ab7,1,0,1.0,17,16,1.3333333333333333,1,0,3585,159.35716702367372,-2.2486036440924204,318.3495345642598,158.1217684016896,False
reference_rate_fixed,S7_sparse_reference,rls,1,2,False,default,5b4164dab44821fdcf835e1968e02886e9a13f46c15a88a8b2a5e9fb7593ff42,771106946f82c9305a6ff7d0e77b3ffae8118ab7,0,1,0.0,0,0,0.0,0,0,3585,159.40670301201212,-1.6425943636193956,318.40739223808043,158.1217684016896,False
reference_rate_fixed,S7_sparse_reference,rls,1,3,True,default,bf45997df3af21b8c460ff5464924a014f6abb67ba90622b73300b9624695671,771106946f82c9305a6ff7d0e77b3ffae8118ab7,0,1,0.0,12,12,1.0,0,0,2390,160.98500597487126,-23.161391597537246,323.82855203365204,158.1217684016896,False
reference_rate_fixed,S7_sparse_reference,rls,1,3,False,default,0fb3d6e9fdeb1aa1a7970ab403a610997a087436a0eefbd7531db6577eae67cc,771106946f82c9305a6ff7d0e77b3ffae8118ab7,0,1,0.0,0,0,0.0,0,0,2390,160.98500597487126,-23.161391597537246,323.82855203365204,158.1217684016896,False
reference_rate_fixed,S7_sparse_reference,rls,1,5,True,default,d68a61faff4119d851d5172f76d3fc1d38b70dd9de5dca8797e69b169ba67d2e,771106946f82c9305a6ff7d0e77b3ffae8118ab7,1,0,1.0,7,6,0.5,1,0,1434,160.66667387525172,-12.688001823315435,323.2206343781189,158.1217684016896,False
reference_rate_fixed,S7_sparse_reference,rls,1,5,False,default,724a0eb54606a44b8a833dff8eee79cbec14517a357dadd4c405272d33183340,771106946f82c9305a6ff7d0e77b3ffae8118ab7,0,1,0.0,0,0,0.0,0,0,1434,160.8158771923209,-15.983265004482822,324.34990922651644,158.1217684016896,False
reference_rate_fixed,S7_sparse_reference,rls,1,10,True,default,e24746ec4f6953e8667cb591ff35737ecd7c5f2f05954dc4c1a89473509ce30a,771106946f82c9305a6ff7d0e77b3ffae8118ab7,0,1,0.0,4,4,0.3333333333333333,0,0,717,160.30735261881208,-27.071671180598024,324.61624960166864,158.1217684016896,False
reference_rate_fixed,S7_sparse_reference,rls,1,10,False,default,012cc4adf642d5f503ae9bf829e83788e3178bff2e30110dc64ec296144f302c,771106946f82c9305a6ff7d0e77b3ffae8118ab7,0,1,0.0,0,0,0.0,0,0,717,160.30735261881208,-27.071671180598024,324.61624960166864,158.1217684016896,False
reference_rate_fixed,S7_sparse_reference,rls,1,20,True,default,610bd26814347086d404878c7c26924d72e4355ef1c2f615121aeb6cd264edf2,771106946f82c9305a6ff7d0e77b3ffae8118ab7,0,1,0.0,2,2,0.16666666666666666,0,0,359,166.13094010453506,-59.03281575898717,345.33938605072535,158.1217684016896,False
reference_rate_fixed,S7_sparse_reference,rls,1,20,False,default,23a8f540b08b02c830a6351cc65bebcd0ec502e4b549a89af3fbf596a65fac9c,771106946f82c9305a6ff7d0e77b3ffae8118ab7,0,1,0.0,0,0,0.0,0,0,359,166.13094010453506,-59.03281575898717,345.33938605072535,158.1217684016896,False
reference_rate_fixed,S7_sparse_reference,rls,1,50,True,default,24d646569fa15dc0b4a7b5cf1af0df1f2ddc4ebaad7d67e362e497f0a7e08ff9,771106946f82c9305a6ff7d0e77b3ffae8118ab7,0,1,0.0,0,0,0.0,0,0,144,173.75959839283246,-82.80436510757531,376.05904575994145,158.1217684016896,False
reference_rate_fixed,S7_sparse_reference,rls,1,50,False,default,f4158d39503e8c0df7a248227a32eb7d07e9d45c28ed5b31f614d7d94706209c,771106946f82c9305a6ff7d0e77b3ffae8118ab7,0,1,0.0,0,0,0.0,0,0,144,173.75959839283246,-82.80436510757531,376.05904575994145,158.1217684016896,False
reference_rate_fixed,S7_sparse_reference,rls,2,1,True,default,721e3126cffb95f2b234577ce6f70204f533980edb47bd8fdec8b532912fe112,771106946f82c9305a6ff7d0e77b3ffae8118ab7,1,0,1.0,32,31,2.5833333333333335,0,0,7222,159.24746352057826,-3.170649624096352,321.19939005854314,158.25928784815767,False
reference_rate_fixed,S7_sparse_reference,rls,2,1,False,default,d618143c9a0302eef39ff7a71fa3cb9d2be4ca72f4a3c1bf899298e889aaea49,771106946f82c9305a6ff7d0e77b3ffae8118ab7,0,1,0.0,0,0,0.0,0,0,7222,159.24746352057826,-3.170649624096352,321.19939005854314,158.25928784815767,False
reference_rate_fixed,S7_sparse_reference,rls,2,2,True,default,e313dfe4691017738e70042f93e6871c93c284c1f65bb39f8db6bb81b3d8e377,771106946f82c9305a6ff7d0e77b3ffae8118ab7,1,0,1.0,17,16,1.3333333333333333,0,0,3611,159.61195195672008,-5.6258187863896385,322.96754276532425,158.25928784815767,False
reference_rate_fixed,S7_sparse_reference,rls,2,2,False,default,5b4164dab44821fdcf835e1968e02886e9a13f46c15a88a8b2a5e9fb7593ff42,771106946f82c9305a6ff7d0e77b3ffae8118ab7,0,1,0.0,0,0,0.0,0,0,3611,159.61195195672008,-5.6258187863896385,322.96754276532425,158.25928784815767,False
reference_rate_fixed,S7_sparse_reference,rls,2,3,True,default,bf45997df3af21b8c460ff5464924a014f6abb67ba90622b73300b9624695671,771106946f82c9305a6ff7d0e77b3ffae8118ab7,0,1,0.0,10,10,0.8333333333333334,0,0,2408,159.7665112315684,-11.438274184968316,322.428151412722,158.25928784815767,False
reference_rate_fixed,S7_sparse_reference,rls,2,3,False,default,0fb3d6e9fdeb1aa1a7970ab403a610997a087436a0eefbd7531db6577eae67cc,771106946f82c9305a6ff7d0e77b3ffae8118ab7,0,1,0.0,0,0,0.0,0,0,2408,159.7665112315684,-11.438274184968316,322.428151412722,158.25928784815767,False
reference_rate_fixed,S7_sparse_reference,rls,2,5,True,default,d68a61faff4119d851d5172f76d3fc1d38b70dd9de5dca8797e69b169ba67d2e,771106946f82c9305a6ff7d0e77b3ffae8118ab7,0,1,0.0,6,6,0.5,0,0,1445,161.164244983574,-12.796493295626794,328.46159354097847,158.25928784815767,False
reference_rate_fixed,S7_sparse_reference,rls,2,5,False,default,724a0eb54606a44b8a833dff8eee79cbec14517a357dadd4c405272d33183340,771106946f82c9305a6ff7d0e77b3ffae8118ab7,0,1,0.0,0,0,0.0,0,0,1445,161.164244983574,-12.796493295626794,328.46159354097847,158.25928784815767,False
reference_rate_fixed,S7_sparse_reference,rls,2,10,True,default,e24746ec4f6953e8667cb591ff35737ecd7c5f2f05954dc4c1a89473509ce30a,771106946f82c9305a6ff7d0e77b3ffae8118ab7,0,1,0.0,4,4,0.3333333333333333,0,0,723,160.88578123710082,-13.270299299128988,325.5313521555509,158.25928784815767,False
reference_rate_fixed,S7_sparse_reference,rls,2,10,False,default,012cc4adf642d5f503ae9bf829e83788e3178bff2e30110dc64ec296144f302c,771106946f82c9305a6ff7d0e77b3ffae8118ab7,0,1,0.0,0,0,0.0,0,0,723,160.88578123710082,-13.270299299128988,325.5313521555509,158.25928784815767,False
reference_rate_fixed,S7_sparse_reference,rls,2,20,True,default,610bd26814347086d404878c7c26924d72e4355ef1c2f615121aeb6cd264edf2,771106946f82c9305a6ff7d0e77b3ffae8118ab7,0,1,0.0,3,3,0.25,0,0,362,162.66990147252463,-21.490818086938287,331.5640639101689,158.25928784815767,False
reference_rate_fixed,S7_sparse_reference,rls,2,20,False,default,23a8f540b08b02c830a6351cc65bebcd0ec502e4b549a89af3fbf596a65fac9c,771106946f82c9305a6ff7d0e77b3ffae8118ab7,0,1,0.0,0,0,0.0,0,0,362,162.66990147252463,-21.490818086938287,331.5640639101689,158.25928784815767,False
reference_rate_fixed,S7_sparse_reference,rls,2,50,True,default,24d646569fa15dc0b4a7b5cf1af0df1f2ddc4ebaad7d67e362e497f0a7e08ff9,771106946f82c9305a6ff7d0e77b3ffae8118ab7,0,1,0.0,1,1,0.08333333333333333,0,0,145,168.95370603451826,-70.24352752924287,366.90746180152564,158.25928784815767,False
reference_rate_fixed,S7_sparse_reference,rls,2,50,False,default,f4158d39503e8c0df7a248227a32eb7d07e9d45c28ed5b31f614d7d94706209c,771106946f82c9305a6ff7d0e77b3ffae8118ab7,0,1,0.0,0,0,0.0,0,0,145,168.95370603451826,-70.24352752924287,366.90746180152564,158.25928784815767,False
reference_rate_fixed,S7_sparse_reference,rls,3,1,True,default,721e3126cffb95f2b234577ce6f70204f533980edb47bd8fdec8b532912fe112,771106946f82c9305a6ff7d0e77b3ffae8118ab7,1,0,1.0,30,29,2.4166666666666665,0,0,7229,155.38598399687228,-3.664676773144466,315.0125311060877,153.42872139030092,False
reference_rate_fixed,S7_sparse_reference,rls,3,1,False,default,d618143c9a0302eef39ff7a71fa3cb9d2be4ca72f4a3c1bf899298e889aaea49,771106946f82c9305a6ff7d0e77b3ffae8118ab7,0,1,0.0,0,0,0.0,0,0,7229,155.38598399687228,-3.664676773144466,315.0125311060877,153.42872139030092,False
reference_rate_fixed,S7_sparse_reference,rls,3,2,True,default,e313dfe4691017738e70042f93e6871c93c284c1f65bb39f8db6bb81b3d8e377,771106946f82c9305a6ff7d0e77b3ffae8118ab7,1,0,1.0,17,16,1.3333333333333333,0,0,3614,155.07782030319555,-4.0828030806139655,317.18074545516066,153.42872139030092,False
reference_rate_fixed,S7_sparse_reference,rls,3,2,False,default,5b4164dab44821fdcf835e1968e02886e9a13f46c15a88a8b2a5e9fb7593ff42,771106946f82c9305a6ff7d0e77b3ffae8118ab7,0,1,0.0,0,0,0.0,0,0,3614,155.07782030319555,-4.0828030806139655,317.18074545516066,153.42872139030092,False
reference_rate_fixed,S7_sparse_reference,rls,3,3,True,default,bf45997df3af21b8c460ff5464924a014f6abb67ba90622b73300b9624695671,771106946f82c9305a6ff7d0e77b3ffae8118ab7,0,1,0.0,12,12,1.0,1,0,2410,154.61195461753533,-5.76859583109327,314.95852647572354,153.42872139030092,False
reference_rate_fixed,S7_sparse_reference,rls,3,3,False,default,0fb3d6e9fdeb1aa1a7970ab403a610997a087436a0eefbd7531db6577eae67cc,771106946f82c9305a6ff7d0e77b3ffae8118ab7,0,1,0.0,0,0,0.0,0,0,2410,154.5613737770223,-6.571820343806025,314.92521116326293,153.42872139030092,False
reference_rate_fixed,S7_sparse_reference,rls,3,5,True,default,d68a61faff4119d851d5172f76d3fc1d38b70dd9de5dca8797e69b169ba67d2e,771106946f82c9305a6ff7d0e77b3ffae8118ab7,0,1,0.0,6,6,0.5,0,0,1446,155.58266403724542,-29.25545828324632,320.4626413365427,153.42872139030092,False
reference_rate_fixed,S7_sparse_reference,rls,3,5,False,default,724a0eb54606a44b8a833dff8eee79cbec14517a357dadd4c405272d33183340,771106946f82c9305a6ff7d0e77b3ffae8118ab7,0,1,0.0,0,0,0.0,0,0,1446,155.58266403724542,-29.25545828324632,320.4626413365427,153.42872139030092,False
reference_rate_fixed,S7_sparse_reference,rls,3,10,True,default,e24746ec4f6953e8667cb591ff35737ecd7c5f2f05954dc4c1a89473509ce30a,771106946f82c9305a6ff7d0e77b3ffae8118ab7,1,0,1.0,3,2,0.16666666666666666,0,0,723,156.3279582336346,-32.52698707633684,323.08465622763373,153.42872139030092,False
reference_rate_fixed,S7_sparse_reference,rls,3,10,False,default,012cc4adf642d5f503ae9bf829e83788e3178bff2e30110dc64ec296144f302c,771106946f82c9305a6ff7d0e77b3ffae8118ab7,0,1,0.0,0,0,0.0,0,0,723,156.3279582336346,-32.52698707633684,323.08465622763373,153.42872139030092,False
reference_rate_fixed,S7_sparse_reference,rls,3,20,True,default,610bd26814347086d404878c7c26924d72e4355ef1c2f615121aeb6cd264edf2,771106946f82c9305a6ff7d0e77b3ffae8118ab7,0,1,0.0,2,2,0.16666666666666666,0,0,362,158.44955173551787,-44.603657738107266,331.3105092376188,153.42872139030092,False
reference_rate_fixed,S7_sparse_reference,rls,3,20,False,default,23a8f540b08b02c830a6351cc65bebcd0ec502e4b549a89af3fbf596a65fac9c,771106946f82c9305a6ff7d0e77b3ffae8118ab7,0,1,0.0,0,0,0.0,0,0,362,158.44955173551787,-44.603657738107266,331.3105092376188,153.42872139030092,False
reference_rate_fixed,S7_sparse_reference,rls,3,50,True,default,24d646569fa15dc0b4a7b5cf1af0df1f2ddc4ebaad7d67e362e497f0a7e08ff9,771106946f82c9305a6ff7d0e77b3ffae8118ab7,0,1,0.0,1,1,0.08333333333333333,0,0,145,163.65393376567815,-57.89188021882012,351.50365843657744,153.42872139030092,False
reference_rate_fixed,S7_sparse_reference,rls,3,50,False,default,f4158d39503e8c0df7a248227a32eb7d07e9d45c28ed5b31f614d7d94706209c,771106946f82c9305a6ff7d0e77b3ffae8118ab7,0,1,0.0,0,0,0.0,0,0,145,163.65393376567815,-57.89188021882012,351.50365843657744,153.42872139030092,False
reference_rate_fixed,S7_sparse_reference,rls,4,1,True,default,721e3126cffb95f2b234577ce6f70204f533980edb47bd8fdec8b532912fe112,771106946f82c9305a6ff7d0e77b3ffae8118ab7,1,0,1.0,33,32,2.6666666666666665,0,0,7241,158.9278513717643,-3.326682456935837,319.0962667813985,156.99477795365434,False
reference_rate_fixed,S7_sparse_reference,rls,4,1,False,default,d618143c9a0302eef39ff7a71fa3cb9d2be4ca72f4a3c1bf899298e889aaea49,771106946f82c9305a6ff7d0e77b3ffae8118ab7,0,1,0.0,0,0,0.0,0,0,7241,158.9278513717643,-3.326682456935837,319.0962667813985,156.99477795365434,False
reference_rate_fixed,S7_sparse_reference,rls,4,2,True,default,e313dfe4691017738e70042f93e6871c93c284c1f65bb39f8db6bb81b3d8e377,771106946f82c9305a6ff7d0e77b3ffae8118ab7,0,1,0.0,15,15,1.25,0,0,3621,158.9662172174713,-9.191853793197279,320.1337721039621,156.99477795365434,False
reference_rate_fixed,S7_sparse_reference,rls,4,2,False,default,5b4164dab44821fdcf835e1968e02886e9a13f46c15a88a8b2a5e9fb7593ff42,771106946f82c9305a6ff7d0e77b3ffae8118ab7,0,1,0.0,0,0,0.0,0,0,3621,158.9662172174713,-9.191853793197279,320.1337721039621,156.99477795365434,False
reference_rate_fixed,S7_sparse_reference,rls,4,3,True,default,bf45997df3af21b8c460ff5464924a014f6abb67ba90622b73300b9624695671,771106946f82c9305a6ff7d0e77b3ffae8118ab7,0,1,0.0,13,13,1.0833333333333333,0,0,2414,158.48184053472065,-4.18309951427147,317.85228779094894,156.99477795365434,False
reference_rate_fixed,S7_sparse_reference,rls,4,3,False,default,0fb3d6e9fdeb1aa1a7970ab403a610997a087436a0eefbd7531db6577eae67cc,771106946f82c9305a6ff7d0e77b3ffae8118ab7,0,1,0.0,0,0,0.0,0,0,2414,158.48184053472065,-4.18309951427147,317.85228779094894,156.99477795365434,False
reference_rate_fixed,S7_sparse_reference,rls,4,5,True,default,d68a61faff4119d851d5172f76d3fc1d38b70dd9de5dca8797e69b169ba67d2e,771106946f82c9305a6ff7d0e77b3ffae8118ab7,1,0,1.0,7,6,0.5,0,0,1449,157.63964942816435,-14.59553326959261,316.8529360972995,156.99477795365434,False
reference_rate_fixed,S7_sparse_reference,rls,4,5,False,default,724a0eb54606a44b8a833dff8eee79cbec14517a357dadd4c405272d33183340,771106946f82c9305a6ff7d0e77b3ffae8118ab7,0,1,0.0,0,0,0.0,0,0,1449,157.63964942816435,-14.59553326959261,316.8529360972995,156.99477795365434,False
reference_rate_fixed,S7_sparse_reference,rls,4,10,True,default,e24746ec4f6953e8667cb591ff35737ecd7c5f2f05954dc4c1a89473509ce30a,771106946f82c9305a6ff7d0e77b3ffae8118ab7,0,1,0.0,4,4,0.3333333333333333,0,0,725,158.77567642336922,-23.216449510892147,321.63309808946764,156.99477795365434,False
reference_rate_fixed,S7_sparse_reference,rls,4,10,False,default,012cc4adf642d5f503ae9bf829e83788e3178bff2e30110dc64ec296144f302c,771106946f82c9305a6ff7d0e77b3ffae8118ab7,0,1,0.0,0,0,0.0,0,0,725,158.77567642336922,-23.216449510892147,321.63309808946764,156.99477795365434,False
reference_rate_fixed,S7_sparse_reference,rls,4,20,True,default,610bd26814347086d404878c7c26924d72e4355ef1c2f615121aeb6cd264edf2,771106946f82c9305a6ff7d0e77b3ffae8118ab7,0,1,0.0,1,1,0.08333333333333333,0,0,363,159.76722593148972,-34.782516123001486,323.45551789529736,156.99477795365434,False
reference_rate_fixed,S7_sparse_reference,rls,4,20,False,default,23a8f540b08b02c830a6351cc65bebcd0ec502e4b549a89af3fbf596a65fac9c,771106946f82c9305a6ff7d0e77b3ffae8118ab7,0,1,0.0,0,0,0.0,0,0,363,159.76722593148972,-34.782516123001486,323.45551789529736,156.99477795365434,False
reference_rate_fixed,S7_sparse_reference,rls,4,50,True,default,24d646569fa15dc0b4a7b5cf1af0df1f2ddc4ebaad7d67e362e497f0a7e08ff9,771106946f82c9305a6ff7d0e77b3ffae8118ab7,0,1,0.0,1,1,0.08333333333333333,0,0,145,174.94867673796185,-82.01310674063204,383.7984124276085,156.99477795365434,False
reference_rate_fixed,S7_sparse_reference,rls,4,50,False,default,f4158d39503e8c0df7a248227a32eb7d07e9d45c28ed5b31f614d7d94706209c,771106946f82c9305a6ff7d0e77b3ffae8118ab7,0,1,0.0,0,0,0.0,0,0,145,174.94867673796185,-82.01310674063204,383.7984124276085,156.99477795365434,False
reference_rate_fixed,S7_sparse_reference,rls,5,1,True,default,721e3126cffb95f2b234577ce6f70204f533980edb47bd8fdec8b532912fe112,771106946f82c9305a6ff7d0e77b3ffae8118ab7,0,1,0.0,34,34,2.8333333333333335,0,0,7227,160.3940880247183,-2.436005158139775,320.8411434912316,157.58215377839127,False
reference_rate_fixed,S7_sparse_reference,rls,5,1,False,default,d618143c9a0302eef39ff7a71fa3cb9d2be4ca72f4a3c1bf899298e889aaea49,771106946f82c9305a6ff7d0e77b3ffae8118ab7,0,1,0.0,0,0,0.0,0,0,7227,160.3940880247183,-2.436005158139775,320.8411434912316,157.58215377839127,False
reference_rate_fixed,S7_sparse_reference,rls,5,2,True,default,e313dfe4691017738e70042f93e6871c93c284c1f65bb39f8db6bb81b3d8e377,771106946f82c9305a6ff7d0e77b3ffae8118ab7,0,1,0.0,16,16,1.3333333333333333,0,0,3614,160.23861322036456,-1.3890127128086098,321.04896094286846,157.58215377839127,False
reference_rate_fixed,S7_sparse_reference,rls,5,2,False,default,5b4164dab44821fdcf835e1968e02886e9a13f46c15a88a8b2a5e9fb7593ff42,771106946f82c9305a6ff7d0e77b3ffae8118ab7,0,1,0.0,0,0,0.0,0,0,3614,160.23861322036456,-1.3890127128086098,321.04896094286846,157.58215377839127,False
reference_rate_fixed,S7_sparse_reference,rls,5,3,True,default,bf45997df3af21b8c460ff5464924a014f6abb67ba90622b73300b9624695671,771106946f82c9305a6ff7d0e77b3ffae8118ab7,1,0,1.0,12,11,0.9166666666666666,0,0,2410,160.19441126343412,-8.410771313942675,321.22495418701845,157.58215377839127,False
reference_rate_fixed,S7_sparse_reference,rls,5,3,False,default,0fb3d6e9fdeb1aa1a7970ab403a610997a087436a0eefbd7531db6577eae67cc,771106946f82c9305a6ff7d0e77b3ffae8118ab7,0,1,0.0,0,0,0.0,0,0,2410,160.19441126343412,-8.410771313942675,321.22495418701845,157.58215377839127,False
reference_rate_fixed,S7_sparse_reference,rls,5,5,True,default,d68a61faff4119d851d5172f76d3fc1d38b70dd9de5dca8797e69b169ba67d2e,771106946f82c9305a6ff7d0e77b3ffae8118ab7,0,1,0.0,7,7,0.5833333333333334,0,0,1446,162.24740562934917,-22.50996857586951,329.1724031607087,157.58215377839127,False
reference_rate_fixed,S7_sparse_reference,rls,5,5,False,default,724a0eb54606a44b8a833dff8eee79cbec14517a357dadd4c405272d33183340,771106946f82c9305a6ff7d0e77b3ffae8118ab7,0,1,0.0,0,0,0.0,0,0,1446,162.24740562934917,-22.50996857586951,329.1724031607087,157.58215377839127,False
reference_rate_fixed,S7_sparse_reference,rls,5,10,True,default,e24746ec4f6953e8667cb591ff35737ecd7c5f2f05954dc4c1a89473509ce30a,771106946f82c9305a6ff7d0e77b3ffae8118ab7,0,1,0.0,3,3,0.25,0,0,723,162.7893914173424,-34.62215134718606,333.36949339111834,157.58215377839127,False
reference_rate_fixed,S7_sparse_reference,rls,5,10,False,default,012cc4adf642d5f503ae9bf829e83788e3178bff2e30110dc64ec296144f302c,771106946f82c9305a6ff7d0e77b3ffae8118ab7,0,1,0.0,0,0,0.0,0,0,723,162.7893914173424,-34.62215134718606,333.36949339111834,157.58215377839127,False
reference_rate_fixed,S7_sparse_reference,rls,5,20,True,default,610bd26814347086d404878c7c26924d72e4355ef1c2f615121aeb6cd264edf2,771106946f82c9305a6ff7d0e77b3ffae8118ab7,0,1,0.0,0,0,0.0,0,0,362,165.51231230551295,-47.79692588967756,346.8674159165322,157.58215377839127,False
reference_rate_fixed,S7_sparse_reference,rls,5,20,False,default,23a8f540b08b02c830a6351cc65bebcd0ec502e4b549a89af3fbf596a65fac9c,771106946f82c9305a6ff7d0e77b3ffae8118ab7,0,1,0.0,0,0,0.0,0,0,362,165.51231230551295,-47.79692588967756,346.8674159165322,157.58215377839127,False
reference_rate_fixed,S7_sparse_reference,rls,5,50,True,default,24d646569fa15dc0b4a7b5cf1af0df1f2ddc4ebaad7d67e362e497f0a7e08ff9,771106946f82c9305a6ff7d0e77b3ffae8118ab7,0,1,0.0,1,1,0.08333333333333333,0,0,145,171.75840961695508,-76.00671864656906,368.3155085238714,157.58215377839127,False
reference_rate_fixed,S7_sparse_reference,rls,5,50,False,default,f4158d39503e8c0df7a248227a32eb7d07e9d45c28ed5b31f614d7d94706209c,771106946f82c9305a6ff7d0e77b3ffae8118ab7,0,1,0.0,0,0,0.0,0,0,145,171.75840961695508,-76.00671864656906,368.3155085238714,157.58215377839127,False
reference_rate_fixed,S7_sparse_reference,rls,6,1,True,default,721e3126cffb95f2b234577ce6f70204f533980edb47bd8fdec8b532912fe112,771106946f82c9305a6ff7d0e77b3ffae8118ab7,1,0,1.0,36,35,2.9166666666666665,0,0,7224,161.31854852852226,-1.976704877493289,322.2588367319384,159.4926735251764,False
reference_rate_fixed,S7_sparse_reference,rls,6,1,False,default,d618143c9a0302eef39ff7a71fa3cb9d2be4ca72f4a3c1bf899298e889aaea49,771106946f82c9305a6ff7d0e77b3ffae8118ab7,0,1,0.0,0,0,0.0,0,0,7224,161.31854852852226,-1.976704877493289,322.2588367319384,159.4926735251764,False
reference_rate_fixed,S7_sparse_reference,rls,6,2,True,default,e313dfe4691017738e70042f93e6871c93c284c1f65bb39f8db6bb81b3d8e377,771106946f82c9305a6ff7d0e77b3ffae8118ab7,0,1,0.0,17,17,1.4166666666666667,0,0,3612,161.42030563793074,-13.175560434566075,323.2435070158454,159.4926735251764,False
reference_rate_fixed,S7_sparse_reference,rls,6,2,False,default,5b4164dab44821fdcf835e1968e02886e9a13f46c15a88a8b2a5e9fb7593ff42,771106946f82c9305a6ff7d0e77b3ffae8118ab7,0,1,0.0,0,0,0.0,0,0,3612,161.42030563793074,-13.175560434566075,323.2435070158454,159.4926735251764,False
reference_rate_fixed,S7_sparse_reference,rls,6,3,True,default,bf45997df3af21b8c460ff5464924a014f6abb67ba90622b73300b9624695671,771106946f82c9305a6ff7d0e77b3ffae8118ab7,0,1,0.0,7,7,0.5833333333333334,1,1,2408,161.92781335029983,-5.717113106689146,324.81746647172247,159.4926735251764,False
reference_rate_fixed,S7_sparse_reference,rls,6,3,False,default,0fb3d6e9fdeb1aa1a7970ab403a610997a087436a0eefbd7531db6577eae67cc,771106946f82c9305a6ff7d0e77b3ffae8118ab7,0,1,0.0,0,0,0.0,0,0,2408,161.7257540783859,-4.780284369199768,324.2441077575623,159.4926735251764,False
reference_rate_fixed,S7_sparse_reference,rls,6,5,True,default,d68a61faff4119d851d5172f76d3fc1d38b70dd9de5dca8797e69b169ba67d2e,771106946f82c9305a6ff7d0e77b3ffae8118ab7,0,1,0.0,9,9,0.75,1,0,1445,163.46634990571332,-21.661089236448444,333.7687248206703,159.4926735251764,False
reference_rate_fixed,S7_sparse_reference,rls,6,5,False,default,724a0eb54606a44b8a833dff8eee79cbec14517a357dadd4c405272d33183340,771106946f82c9305a6ff7d0e77b3ffae8118ab7,0,1,0.0,0,0,0.0,0,0,1445,163.43227005445786,-23.830347423118752,333.74975456181284,159.4926735251764,False
reference_rate_fixed,S7_sparse_reference,rls,6,10,True,default,e24746ec4f6953e8667cb591ff35737ecd7c5f2f05954dc4c1a89473509ce30a,771106946f82c9305a6ff7d0e77b3ffae8118ab7,0,1,0.0,2,2,0.16666666666666666,0,0,723,164.78041996717474,-44.49659099288431,341.60706911867214,159.4926735251764,False
reference_rate_fixed,S7_sparse_reference,rls,6,10,False,default,012cc4adf642d5f503ae9bf829e83788e3178bff2e30110dc64ec296144f302c,771106946f82c9305a6ff7d0e77b3ffae8118ab7,0,1,0.0,0,0,0.0,0,0,723,164.78041996717474,-44.49659099288431,341.60706911867214,159.4926735251764,False
reference_rate_fixed,S7_sparse_reference,rls,6,20,True,default,610bd26814347086d404878c7c26924d72e4355ef1c2f615121aeb6cd264edf2,771106946f82c9305a6ff7d0e77b3ffae8118ab7,0,1,0.0,2,2,0.16666666666666666,0,0,362,167.9461350508693,-59.93798009781229,352.4480604400923,159.4926735251764,False
reference_rate_fixed,S7_sparse_reference,rls,6,20,False,default,23a8f540b08b02c830a6351cc65bebcd0ec502e4b549a89af3fbf596a65fac9c,771106946f82c9305a6ff7d0e77b3ffae8118ab7,0,1,0.0,0,0,0.0,0,0,362,167.9461350508693,-59.93798009781229,352.4480604400923,159.4926735251764,False
reference_rate_fixed,S7_sparse_reference,rls,6,50,True,default,24d646569fa15dc0b4a7b5cf1af0df1f2ddc4ebaad7d67e362e497f0a7e08ff9,771106946f82c9305a6ff7d0e77b3ffae8118ab7,0,1,0.0,0,0,0.0,0,0,145,182.41788017499707,-89.43156801289707,397.8515187961952,159.4926735251764,False
reference_rate_fixed,S7_sparse_reference,rls,6,50,False,default,f4158d39503e8c0df7a248227a32eb7d07e9d45c28ed5b31f614d7d94706209c,771106946f82c9305a6ff7d0e77b3ffae8118ab7,0,1,0.0,0,0,0.0,0,0,145,182.41788017499707,-89.43156801289707,397.8515187961952,159.4926735251764,False
reference_rate_fixed,S7_sparse_reference,rls,7,1,True,default,721e3126cffb95f2b234577ce6f70204f533980edb47bd8fdec8b532912fe112,771106946f82c9305a6ff7d0e77b3ffae8118ab7,1,0,1.0,32,31,2.5833333333333335,0,0,7104,160.14308692331332,-4.2598917281073065,322.0017067296188,158.3566493751543,False
reference_rate_fixed,S7_sparse_reference,rls,7,1,False,default,d618143c9a0302eef39ff7a71fa3cb9d2be4ca72f4a3c1bf899298e889aaea49,771106946f82c9305a6ff7d0e77b3ffae8118ab7,0,1,0.0,0,0,0.0,0,0,7104,160.14308692331332,-4.2598917281073065,322.0017067296188,158.3566493751543,False
reference_rate_fixed,S7_sparse_reference,rls,7,2,True,default,e313dfe4691017738e70042f93e6871c93c284c1f65bb39f8db6bb81b3d8e377,771106946f82c9305a6ff7d0e77b3ffae8118ab7,1,0,1.0,20,19,1.5833333333333333,1,0,3553,160.38393126161355,-7.932484738488103,324.0125937222561,158.3566493751543,False
reference_rate_fixed,S7_sparse_reference,rls,7,2,False,default,5b4164dab44821fdcf835e1968e02886e9a13f46c15a88a8b2a5e9fb7593ff42,771106946f82c9305a6ff7d0e77b3ffae8118ab7,0,1,0.0,0,0,0.0,0,0,3553,160.4832527936104,-8.338013159192519,324.0813775970497,158.3566493751543,False
reference_rate_fixed,S7_sparse_reference,rls,7,3,True,default,bf45997df3af21b8c460ff5464924a014f6abb67ba90622b73300b9624695671,771106946f82c9305a6ff7d0e77b3ffae8118ab7,0,1,0.0,11,11,0.9166666666666666,0,0,2368,159.50927162877076,-6.479439104129946,323.0911053830083,158.3566493751543,False
reference_rate_fixed,S7_sparse_reference,rls,7,3,False,default,0fb3d6e9fdeb1aa1a7970ab403a610997a087436a0eefbd7531db6577eae67cc,771106946f82c9305a6ff7d0e77b3ffae8118ab7,0,1,0.0,0,0,0.0,0,0,2368,159.50927162877076,-6.479439104129946,323.0911053830083,158.3566493751543,False
reference_rate_fixed,S7_sparse_reference,rls,7,5,True,default,d68a61faff4119d851d5172f76d3fc1d38b70dd9de5dca8797e69b169ba67d2e,771106946f82c9305a6ff7d0e77b3ffae8118ab7,1,0,1.0,6,5,0.4166666666666667,0,0,1421,160.47046349463685,-19.36925692913943,324.4061083200513,158.3566493751543,False
reference_rate_fixed,S7_sparse_reference,rls,7,5,False,default,724a0eb54606a44b8a833dff8eee79cbec14517a357dadd4c405272d33183340,771106946f82c9305a6ff7d0e77b3ffae8118ab7,0,1,0.0,0,0,0.0,0,0,1421,160.47046349463685,-19.36925692913943,324.4061083200513,158.3566493751543,False
reference_rate_fixed,S7_sparse_reference,rls,7,10,True,default,e24746ec4f6953e8667cb591ff35737ecd7c5f2f05954dc4c1a89473509ce30a,771106946f82c9305a6ff7d0e77b3ffae8118ab7,0,1,0.0,4,4,0.3333333333333333,0,0,711,162.22634323613764,-38.526208317944615,334.8556329621731,158.3566493751543,False
reference_rate_fixed,S7_sparse_reference,rls,7,10,False,default,012cc4adf642d5f503ae9bf829e83788e3178bff2e30110dc64ec296144f302c,771106946f82c9305a6ff7d0e77b3ffae8118ab7,0,1,0.0,0,0,0.0,0,0,711,162.22634323613764,-38.526208317944615,334.8556329621731,158.3566493751543,False
reference_rate_fixed,S7_sparse_reference,rls,7,20,True,default,610bd26814347086d404878c7c26924d72e4355ef1c2f615121aeb6cd264edf2,771106946f82c9305a6ff7d0e77b3ffae8118ab7,0,1,0.0,2,2,0.16666666666666666,0,0,356,165.11544724338688,-58.398247071754795,344.8364452728566,158.3566493751543,False
reference_rate_fixed,S7_sparse_reference,rls,7,20,False,default,23a8f540b08b02c830a6351cc65bebcd0ec502e4b549a89af3fbf596a65fac9c,771106946f82c9305a6ff7d0e77b3ffae8118ab7,0,1,0.0,0,0,0.0,0,0,356,165.11544724338688,-58.398247071754795,344.8364452728566,158.3566493751543,False
reference_rate_fixed,S7_sparse_reference,rls,7,50,True,default,24d646569fa15dc0b4a7b5cf1af0df1f2ddc4ebaad7d67e362e497f0a7e08ff9,771106946f82c9305a6ff7d0e77b3ffae8118ab7,0,1,0.0,1,1,0.08333333333333333,0,0,143,170.5058177488934,-78.71259268299968,366.853078735205,158.3566493751543,False
reference_rate_fixed,S7_sparse_reference,rls,7,50,False,default,f4158d39503e8c0df7a248227a32eb7d07e9d45c28ed5b31f614d7d94706209c,771106946f82c9305a6ff7d0e77b3ffae8118ab7,0,1,0.0,0,0,0.0,0,0,143,170.5058177488934,-78.71259268299968,366.853078735205,158.3566493751543,False
reference_rate_fixed,S7_sparse_reference,rls,8,1,True,default,721e3126cffb95f2b234577ce6f70204f533980edb47bd8fdec8b532912fe112,771106946f82c9305a6ff7d0e77b3ffae8118ab7,1,0,1.0,34,33,2.75,0,0,7184,157.05759977297785,-2.47003815745282,319.4279694906046,154.54548506207578,False
reference_rate_fixed,S7_sparse_reference,rls,8,1,False,default,d618143c9a0302eef39ff7a71fa3cb9d2be4ca72f4a3c1bf899298e889aaea49,771106946f82c9305a6ff7d0e77b3ffae8118ab7,0,1,0.0,0,0,0.0,0,0,7184,157.05759977297785,-2.47003815745282,319.4279694906046,154.54548506207578,False
reference_rate_fixed,S7_sparse_reference,rls,8,2,True,default,e313dfe4691017738e70042f93e6871c93c284c1f65bb39f8db6bb81b3d8e377,771106946f82c9305a6ff7d0e77b3ffae8118ab7,1,0,1.0,17,16,1.3333333333333333,1,0,3592,156.75071497496367,1.778059841769781,321.8961618838383,154.54548506207578,False
reference_rate_fixed,S7_sparse_reference,rls,8,2,False,default,5b4164dab44821fdcf835e1968e02886e9a13f46c15a88a8b2a5e9fb7593ff42,771106946f82c9305a6ff7d0e77b3ffae8118ab7,0,1,0.0,0,0,0.0,0,0,3592,156.70782713510516,3.033220264785291,321.4746697519283,154.54548506207578,False
reference_rate_fixed,S7_sparse_reference,rls,8,3,True,default,bf45997df3af21b8c460ff5464924a014f6abb67ba90622b73300b9624695671,771106946f82c9305a6ff7d0e77b3ffae8118ab7,0,1,0.0,12,12,1.0,0,0,2394,157.1098321548054,-5.558231929420861,321.742344129277,154.54548506207578,False
reference_rate_fixed,S7_sparse_reference,rls,8,3,False,default,0fb3d6e9fdeb1aa1a7970ab403a610997a087436a0eefbd7531db6577eae67cc,771106946f82c9305a6ff7d0e77b3ffae8118ab7,0,1,0.0,0,0,0.0,0,0,2394,157.1098321548054,-5.558231929420861,321.742344129277,154.54548506207578,False
reference_rate_fixed,S7_sparse_reference,rls,8,5,True,default,d68a61faff4119d851d5172f76d3fc1d38b70dd9de5dca8797e69b169ba67d2e,771106946f82c9305a6ff7d0e77b3ffae8118ab7,0,1,0.0,6,6,0.5,0,0,1437,157.69018820136552,-2.381863412497551,321.42918058363415,154.54548506207578,False
reference_rate_fixed,S7_sparse_reference,rls,8,5,False,default,724a0eb54606a44b8a833dff8eee79cbec14517a357dadd4c405272d33183340,771106946f82c9305a6ff7d0e77b3ffae8118ab7,0,1,0.0,0,0,0.0,0,0,1437,157.69018820136552,-2.381863412497551,321.42918058363415,154.54548506207578,False
reference_rate_fixed,S7_sparse_reference,rls,8,10,True,default,e24746ec4f6953e8667cb591ff35737ecd7c5f2f05954dc4c1a89473509ce30a,771106946f82c9305a6ff7d0e77b3ffae8118ab7,0,1,0.0,4,4,0.3333333333333333,1,0,719,158.4104782701686,-12.209804084503277,325.752413558135,154.54548506207578,False
reference_rate_fixed,S7_sparse_reference,rls,8,10,False,default,012cc4adf642d5f503ae9bf829e83788e3178bff2e30110dc64ec296144f302c,771106946f82c9305a6ff7d0e77b3ffae8118ab7,0,1,0.0,0,0,0.0,0,0,719,158.2841573577748,-7.248202406692245,325.1912056268293,154.54548506207578,False
reference_rate_fixed,S7_sparse_reference,rls,8,20,True,default,610bd26814347086d404878c7c26924d72e4355ef1c2f615121aeb6cd264edf2,771106946f82c9305a6ff7d0e77b3ffae8118ab7,1,0,1.0,2,1,0.08333333333333333,0,0,360,160.049740408508,-16.484465197753348,327.2150768848863,154.54548506207578,False
reference_rate_fixed,S7_sparse_reference,rls,8,20,False,default,23a8f540b08b02c830a6351cc65bebcd0ec502e4b549a89af3fbf596a65fac9c,771106946f82c9305a6ff7d0e77b3ffae8118ab7,0,1,0.0,0,0,0.0,0,0,360,160.049740408508,-16.484465197753348,327.2150768848863,154.54548506207578,False
reference_rate_fixed,S7_sparse_reference,rls,8,50,True,default,24d646569fa15dc0b4a7b5cf1af0df1f2ddc4ebaad7d67e362e497f0a7e08ff9,771106946f82c9305a6ff7d0e77b3ffae8118ab7,0,1,0.0,1,1,0.08333333333333333,0,0,144,165.80136816449414,-73.55390030499568,360.9873429328946,154.54548506207578,False
reference_rate_fixed,S7_sparse_reference,rls,8,50,False,default,f4158d39503e8c0df7a248227a32eb7d07e9d45c28ed5b31f614d7d94706209c,771106946f82c9305a6ff7d0e77b3ffae8118ab7,0,1,0.0,0,0,0.0,0,0,144,165.80136816449414,-73.55390030499568,360.9873429328946,154.54548506207578,False
reference_rate_fixed,S7_sparse_reference,rls,9,1,True,default,721e3126cffb95f2b234577ce6f70204f533980edb47bd8fdec8b532912fe112,771106946f82c9305a6ff7d0e77b3ffae8118ab7,1,0,1.0,32,31,2.5833333333333335,0,0,7161,157.18470312949452,-3.252695283434086,319.2758130711513,155.66256197824202,False
reference_rate_fixed,S7_sparse_reference,rls,9,1,False,default,d618143c9a0302eef39ff7a71fa3cb9d2be4ca72f4a3c1bf899298e889aaea49,771106946f82c9305a6ff7d0e77b3ffae8118ab7,0,1,0.0,0,0,0.0,0,0,7161,157.18470312949452,-3.252695283434086,319.2758130711513,155.66256197824202,False
reference_rate_fixed,S7_sparse_reference,rls,9,2,True,default,e313dfe4691017738e70042f93e6871c93c284c1f65bb39f8db6bb81b3d8e377,771106946f82c9305a6ff7d0e77b3ffae8118ab7,1,0,1.0,16,15,1.25,1,0,3581,158.00097047155342,2.1008204545675118,321.2659343939546,155.66256197824202,False
reference_rate_fixed,S7_sparse_reference,rls,9,2,False,default,5b4164dab44821fdcf835e1968e02886e9a13f46c15a88a8b2a5e9fb7593ff42,771106946f82c9305a6ff7d0e77b3ffae8118ab7,0,1,0.0,0,0,0.0,0,0,3581,157.87368876046523,1.3514997917395881,320.5104038903502,155.66256197824202,False
reference_rate_fixed,S7_sparse_reference,rls,9,3,True,default,bf45997df3af21b8c460ff5464924a014f6abb67ba90622b73300b9624695671,771106946f82c9305a6ff7d0e77b3ffae8118ab7,0,1,0.0,9,9,0.75,1,0,2387,158.43534448668453,10.454440270027286,321.4830641182473,155.66256197824202,False
reference_rate_fixed,S7_sparse_reference,rls,9,3,False,default,0fb3d6e9fdeb1aa1a7970ab403a610997a087436a0eefbd7531db6577eae67cc,771106946f82c9305a6ff7d0e77b3ffae8118ab7,0,1,0.0,0,0,0.0,0,0,2387,158.53220009116419,10.999957070020121,321.870688056592,155.66256197824202,False
reference_rate_fixed,S7_sparse_reference,rls,9,5,True,default,d68a61faff4119d851d5172f76d3fc1d38b70dd9de5dca8797e69b169ba67d2e,771106946f82c9305a6ff7d0e77b3ffae8118ab7,0,1,0.0,7,7,0.5833333333333334,1,0,1433,156.86785698201066,-15.254714696567921,319.7196438877044,155.66256197824202,False
reference_rate_fixed,S7_sparse_reference,rls,9,5,False,default,724a0eb54606a44b8a833dff8eee79cbec14517a357dadd4c405272d33183340,771106946f82c9305a6ff7d0e77b3ffae8118ab7,0,1,0.0,0,0,0.0,0,0,1433,156.89199748698928,-15.041045907495873,319.49733300106044,155.66256197824202,False
reference_rate_fixed,S7_sparse_reference,rls,9,10,True,default,e24746ec4f6953e8667cb591ff35737ecd7c5f2f05954dc4c1a89473509ce30a,771106946f82c9305a6ff7d0e77b3ffae8118ab7,1,0,1.0,4,3,0.25,0,0,717,159.68856873834403,-28.202380441727186,331.13779825124345,155.66256197824202,False
reference_rate_fixed,S7_sparse_reference,rls,9,10,False,default,012cc4adf642d5f503ae9bf829e83788e3178bff2e30110dc64ec296144f302c,771106946f82c9305a6ff7d0e77b3ffae8118ab7,0,1,0.0,0,0,0.0,0,0,717,159.68856873834403,-28.202380441727186,331.13779825124345,155.66256197824202,False
reference_rate_fixed,S7_sparse_reference,rls,9,20,True,default,610bd26814347086d404878c7c26924d72e4355ef1c2f615121aeb6cd264edf2,771106946f82c9305a6ff7d0e77b3ffae8118ab7,1,0,1.0,2,1,0.08333333333333333,0,0,359,163.51878389990313,-52.5272349654728,346.0538629996498,155.66256197824202,False
reference_rate_fixed,S7_sparse_reference,rls,9,20,False,default,23a8f540b08b02c830a6351cc65bebcd0ec502e4b549a89af3fbf596a65fac9c,771106946f82c9305a6ff7d0e77b3ffae8118ab7,0,1,0.0,0,0,0.0,0,0,359,163.51878389990313,-52.5272349654728,346.0538629996498,155.66256197824202,False
reference_rate_fixed,S7_sparse_reference,rls,9,50,True,default,24d646569fa15dc0b4a7b5cf1af0df1f2ddc4ebaad7d67e362e497f0a7e08ff9,771106946f82c9305a6ff7d0e77b3ffae8118ab7,0,1,0.0,1,1,0.08333333333333333,0,0,144,175.16610729232647,-88.34192653548453,390.7240693817622,155.66256197824202,False
reference_rate_fixed,S7_sparse_reference,rls,9,50,False,default,f4158d39503e8c0df7a248227a32eb7d07e9d45c28ed5b31f614d7d94706209c,771106946f82c9305a6ff7d0e77b3ffae8118ab7,0,1,0.0,0,0,0.0,0,0,144,175.16610729232647,-88.34192653548453,390.7240693817622,155.66256197824202,False
reference_rate_fixed,S7_sparse_reference,rls,10,1,True,default,721e3126cffb95f2b234577ce6f70204f533980edb47bd8fdec8b532912fe112,771106946f82c9305a6ff7d0e77b3ffae8118ab7,1,0,1.0,38,37,3.0833333333333335,0,0,7227,169.0173052923517,-2.1223307592165908,338.8538947349559,167.43162927474637,False
reference_rate_fixed,S7_sparse_reference,rls,10,1,False,default,d618143c9a0302eef39ff7a71fa3cb9d2be4ca72f4a3c1bf899298e889aaea49,771106946f82c9305a6ff7d0e77b3ffae8118ab7,0,1,0.0,0,0,0.0,0,0,7227,169.0173052923517,-2.1223307592165908,338.8538947349559,167.43162927474637,False
reference_rate_fixed,S7_sparse_reference,rls,10,2,True,default,e313dfe4691017738e70042f93e6871c93c284c1f65bb39f8db6bb81b3d8e377,771106946f82c9305a6ff7d0e77b3ffae8118ab7,1,0,1.0,19,18,1.5,2,0,3614,168.80532951270493,-8.973491219861838,338.43990666978596,167.43162927474637,False
reference_rate_fixed,S7_sparse_reference,rls,10,2,False,default,5b4164dab44821fdcf835e1968e02886e9a13f46c15a88a8b2a5e9fb7593ff42,771106946f82c9305a6ff7d0e77b3ffae8118ab7,0,1,0.0,0,0,0.0,0,0,3614,168.69174127858963,-8.399463133191594,338.45688544155934,167.43162927474637,False
reference_rate_fixed,S7_sparse_reference,rls,10,3,True,default,bf45997df3af21b8c460ff5464924a014f6abb67ba90622b73300b9624695671,771106946f82c9305a6ff7d0e77b3ffae8118ab7,1,0,1.0,12,11,0.9166666666666666,0,0,2409,168.99248131575254,-1.6252729556253844,340.27261683772696,167.43162927474637,False
reference_rate_fixed,S7_sparse_reference,rls,10,3,False,default,0fb3d6e9fdeb1aa1a7970ab403a610997a087436a0eefbd7531db6577eae67cc,771106946f82c9305a6ff7d0e77b3ffae8118ab7,0,1,0.0,0,0,0.0,0,0,2409,168.99248131575254,-1.6252729556253844,340.27261683772696,167.43162927474637,False
reference_rate_fixed,S7_sparse_reference,rls,10,5,True,default,d68a61faff4119d851d5172f76d3fc1d38b70dd9de5dca8797e69b169ba67d2e,771106946f82c9305a6ff7d0e77b3ffae8118ab7,0,1,0.0,7,7,0.5833333333333334,0,0,1446,168.8599645789832,-18.772053637615162,338.5606609606974,167.43162927474637,False
reference_rate_fixed,S7_sparse_reference,rls,10,5,False,default,724a0eb54606a44b8a833dff8eee79cbec14517a357dadd4c405272d33183340,771106946f82c9305a6ff7d0e77b3ffae8118ab7,0,1,0.0,0,0,0.0,0,0,1446,168.8599645789832,-18.772053637615162,338.5606609606974,167.43162927474637,False
reference_rate_fixed,S7_sparse_reference,rls,10,10,True,default,e24746ec4f6953e8667cb591ff35737ecd7c5f2f05954dc4c1a89473509ce30a,771106946f82c9305a6ff7d0e77b3ffae8118ab7,0,1,0.0,4,4,0.3333333333333333,0,0,723,171.3132196362189,-42.991746990336104,348.8642519875148,167.43162927474637,False
reference_rate_fixed,S7_sparse_reference,rls,10,10,False,default,012cc4adf642d5f503ae9bf829e83788e3178bff2e30110dc64ec296144f302c,771106946f82c9305a6ff7d0e77b3ffae8118ab7,0,1,0.0,0,0,0.0,0,0,723,171.3132196362189,-42.991746990336104,348.8642519875148,167.43162927474637,False
reference_rate_fixed,S7_sparse_reference,rls,10,20,True,default,610bd26814347086d404878c7c26924d72e4355ef1c2f615121aeb6cd264edf2,771106946f82c9305a6ff7d0e77b3ffae8118ab7,0,1,0.0,2,2,0.16666666666666666,0,0,362,172.60065333356326,-48.77350286434337,353.9310171798911,167.43162927474637,False
reference_rate_fixed,S7_sparse_reference,rls,10,20,False,default,23a8f540b08b02c830a6351cc65bebcd0ec502e4b549a89af3fbf596a65fac9c,771106946f82c9305a6ff7d0e77b3ffae8118ab7,0,1,0.0,0,0,0.0,0,0,362,172.60065333356326,-48.77350286434337,353.9310171798911,167.43162927474637,False
reference_rate_fixed,S7_sparse_reference,rls,10,50,True,default,24d646569fa15dc0b4a7b5cf1af0df1f2ddc4ebaad7d67e362e497f0a7e08ff9,771106946f82c9305a6ff7d0e77b3ffae8118ab7,0,1,0.0,1,1,0.08333333333333333,0,0,145,176.59002313591313,-49.261371999691704,362.08576210240403,167.43162927474637,False
reference_rate_fixed,S7_sparse_reference,rls,10,50,False,default,f4158d39503e8c0df7a248227a32eb7d07e9d45c28ed5b31f614d7d94706209c,771106946f82c9305a6ff7d0e77b3ffae8118ab7,0,1,0.0,0,0,0.0,0,0,145,176.59002313591313,-49.261371999691704,362.08576210240403,167.43162927474637,False
