scenario,rate,ceiling,recall,ci_lo,ci_hi,corrected,stored_recall,detected,opportunities,recals,fa_per_h,degraded
S4_step_fault,1,1.0,0.6,0.356,0.844,0.6,0.6,12,20,11,0.9688,1
S4_step_fault,2,1.0,0.45,0.221,0.679,0.45,0.433,9,20,6,0.5,1
S4_step_fault,3,1.0,0.5,0.247,0.753,0.5,0.367,10,20,6,0.3125,0
S4_step_fault,5,1.0,0.35,0.141,0.559,0.35,0.267,7,20,3,0.2188,0
S4_step_fault,10,1.0,0.4,0.156,0.644,0.4,0.3,8,20,0,0.125,0
S4_step_fault,20,0.5,0.0,0.0,0.0,0.0,0.033,0,20,0,0.0625,0
S4_step_fault,50,0.0,0.0,0.0,0.0,,0.0,0,20,0,0.0,0
S7_sparse_reference,1,1.0,0.9,0.704,1.0,0.9,0.933,9,10,1,2.7083,0
S7_sparse_reference,2,1.0,0.7,0.401,0.999,0.7,0.8,7,10,6,1.3333,0
S7_sparse_reference,3,1.0,0.2,0.0,0.461,0.2,0.2,2,10,3,0.9167,1
S7_sparse_reference,5,1.0,0.3,0.001,0.599,0.3,0.2,3,10,3,0.5,0
S7_sparse_reference,10,1.0,0.2,0.0,0.461,0.2,0.267,2,10,1,0.3333,0
S7_sparse_reference,20,1.0,0.2,0.0,0.461,0.2,0.2,2,10,0,0.1667,0
S7_sparse_reference,50,1.0,0.0,0.0,0.0,0.0,0.067,0,10,0,0.0833,0
