held_out_recording,n_train,statistic,held_out_log2_ratio,in_sample_log2_ratio
20260209_cintron1,7,white_sigma,-0.005428661405390214,-0.0016853926948073473
20260209_cintron1,7,mains_amplitude,-0.038123403881810645,-0.041293477852121806
20260209_cintron1,7,increment_sd,1.1902102901619624,1.1847243851303255
20260209_cintron1,7,drift_slope_diff,1.3506276977058258,1.3654259693420934
20260209_cintron1,7,increment_kurtosis_diff,-0.20273777256118652,-0.277605564902915
20260209_cintron1,7,fwhm_s,-0.18600839577597736,0.0
20260209_cintron2_spat,7,white_sigma,-0.0026162416087993946,-0.002015919689073559
20260209_cintron2_spat,7,mains_amplitude,-0.024183336861923473,-0.036341408108400954
20260209_cintron2_spat,7,increment_sd,1.0537175678757975,1.0605813087155604
20260209_cintron2_spat,7,drift_slope_diff,0.7570261856235834,0.7248940110585058
20260209_cintron2_spat,7,increment_kurtosis_diff,-37.16423884652365,-36.78104681373316
20260209_cintron2_spat,7,fwhm_s,0.014175007133525689,0.0
20260209_cintron3,7,white_sigma,-0.0007936566638614013,0.00025710239640981035
20260209_cintron3,7,mains_amplitude,-0.013244155421712133,-0.033835559647084804
20260209_cintron3,7,increment_sd,1.0585054581861661,1.0731706153113583
20260209_cintron3,7,drift_slope_diff,-0.4956435020110541,-0.45663425334632257
20260209_cintron3,7,increment_kurtosis_diff,-8.971845847559619,-8.939239474039617
20260209_cintron3,7,fwhm_s,0.1795432604927172,0.0
20260209_cintron4,7,white_sigma,0.00019561325826380363,0.0001867985163552663
20260209_cintron4,7,mains_amplitude,-0.04100120825172335,-0.036903251318590895
20260209_cintron4,7,increment_sd,1.0857917140680478,1.0848582748772544
20260209_cintron4,7,drift_slope_diff,0.4927071677139405,0.5111691170863539
20260209_cintron4,7,increment_kurtosis_diff,-967.6706879866117,-968.0267954950133
20260209_cintron4,7,fwhm_s,0.5741641397354043,0.0
20260209_cintron5,7,white_sigma,-0.0005272571111680747,-0.003320864924245013
20260209_cintron5,7,mains_amplitude,-0.031176927350156442,-0.04196482086831715
20260209_cintron5,7,increment_sd,1.2166347228621048,1.2969604761263624
20260209_cintron5,7,drift_slope_diff,0.396379134667034,0.3812315114409697
20260209_cintron5,7,increment_kurtosis_diff,-34.47383766185226,-24.87173961102152
20260209_cintron5,7,fwhm_s,1.1850351228949452,0.0
20260209_fabia1,7,white_sigma,-0.0026491170896579303,-0.0007710169066190599
20260209_fabia1,7,mains_amplitude,-0.03833341485010317,-0.03515233438518548
20260209_fabia1,7,increment_sd,1.0698620974036819,1.0658667621170923
20260209_fabia1,7,drift_slope_diff,0.7744703069431291,0.7201757654180141
20260209_fabia1,7,increment_kurtosis_diff,-792.4400363334416,-792.2361609497182
20260209_fabia1,7,fwhm_s,-0.31027789555882723,0.0
20260209_fabia2,7,white_sigma,-0.002035599266496247,-0.002603300263713907
20260209_fabia2,7,mains_amplitude,-0.04616974406847924,-0.03689921529141299
20260209_fabia2,7,increment_sd,1.0029372977647064,1.0188226712164778
20260209_fabia2,7,drift_slope_diff,1.158305221377557,1.0630148754219018
20260209_fabia2,7,increment_kurtosis_diff,-1697.105259757518,-1695.877110627649
20260209_fabia2,7,fwhm_s,,0.0
20260209_fabia3,7,white_sigma,0.002215911818869965,-0.0009377847285577685
20260209_fabia3,7,mains_amplitude,-0.05581454300081963,-0.036699003695730016
20260209_fabia3,7,increment_sd,1.101098568449208,1.0724781206399232
20260209_fabia3,7,drift_slope_diff,-0.38714301418020525,-0.3874208451147647
20260209_fabia3,7,increment_kurtosis_diff,-28.67135697871717,-28.68048232820135
20260209_fabia3,7,fwhm_s,-0.5054039116019939,0.0
