rate,family,knob,detected,opportunities,recall,ci_lo,ci_hi,fa_per_h,alarms,recals,degraded,n_refs,seeds
20,cusum,24.0,0,20,0.0,0.0,0.0,0.0,3,0,0,176,10
20,cusum,12.0,0,20,0.0,0.0,0.0,0.0625,9,0,0,176,10
20,cusum,6.0,0,20,0.0,0.0,0.0,0.125,18,0,0,176,10
20,page_hinkley,15.0,0,20,0.0,0.0,0.0,0.0625,7,0,0,176,10
20,page_hinkley,7.5,0,20,0.0,0.0,0.0,0.0625,11,0,0,176,10
20,page_hinkley,3.75,0,20,0.0,0.0,0.0,0.125,17,0,0,176,10
20,adwin (control),0.05,1,20,0.05,0.0,0.148,0.0625,10,0,0,176,10
20,ks (control),0.01,0,20,0.0,0.0,0.0,0.0,2,0,0,176,10
50,cusum,24.0,0,20,0.0,0.0,0.0,0.0,0,0,0,71,10
50,cusum,12.0,0,20,0.0,0.0,0.0,0.0,0,0,0,71,10
50,cusum,6.0,0,20,0.0,0.0,0.0,0.0,0,0,0,71,10
50,page_hinkley,15.0,0,20,0.0,0.0,0.0,0.0,0,0,0,71,10
50,page_hinkley,7.5,0,20,0.0,0.0,0.0,0.0,0,0,0,71,10
50,page_hinkley,3.75,0,20,0.0,0.0,0.0,0.0,4,0,0,71,10
50,adwin (control),0.05,0,20,0.0,0.0,0.0,0.0,0,0,0,71,10
50,ks (control),0.01,0,20,0.0,0.0,0.0,0.0,0,0,0,71,10
