experiment_id,scenario,estimator,seed,reference_every_n,edge_config,edge_config_hash,git_commit,detected,missed,recall,alarms,false_alarms,false_alarms_per_hour,recalibrations,degradations,n_references,mae_kg,bias_kg,rmse_kg,failed
sparse_tuning,S4_step_fault,rls,1,20,detect_cusum_h24,64fbb9c1a7ccc8e5de6fd9598d596c6609910ede803311e3beb4debf166de3ed,771106946f82c9305a6ff7d0e77b3ffae8118ab7,0,2,0.0,1,1,0.0625,0,0,173,160.23508207131835,-66.59964137604396,346.3105212424181,False
sparse_tuning,S4_step_fault,rls,1,20,detect_cusum,3e0394e2424db1db8623ee492371ffcc235e755b97915b5c4f64c237beba04c1,771106946f82c9305a6ff7d0e77b3ffae8118ab7,0,2,0.0,1,1,0.0625,0,0,173,160.23508207131835,-66.59964137604396,346.3105212424181,False
sparse_tuning,S4_step_fault,rls,1,20,detect_cusum_h6,8a90a4812b8f7c6979031ec68b0ad5fb3ad9d0e832b77da94033ba2de3259202,771106946f82c9305a6ff7d0e77b3ffae8118ab7,0,2,0.0,2,2,0.125,0,0,173,160.23508207131835,-66.59964137604396,346.3105212424181,False
sparse_tuning,S4_step_fault,rls,1,20,detect_ph,4b8703160bf8c5546907d5f7fb4e9ce530e422e525f26312bc1da8218c86a012,771106946f82c9305a6ff7d0e77b3ffae8118ab7,0,2,0.0,1,1,0.0625,0,0,173,160.23508207131835,-66.59964137604396,346.3105212424181,False
sparse_tuning,S4_step_fault,rls,1,20,detect_ph_h7p5,118533cb4ea4361bcc445fbc5efbd4cfa1d5cd6b84164ea2ef322a5f932971f2,771106946f82c9305a6ff7d0e77b3ffae8118ab7,0,2,0.0,1,1,0.0625,0,0,173,160.23508207131835,-66.59964137604396,346.3105212424181,False
sparse_tuning,S4_step_fault,rls,1,20,detect_ph_h3p75,6f1b5da9a153430a4f2a1c7771a754cf1156da4ed215d24e8368d40961a64c65,771106946f82c9305a6ff7d0e77b3ffae8118ab7,0,2,0.0,2,2,0.125,0,0,173,160.23508207131835,-66.59964137604396,346.3105212424181,False
sparse_tuning,S4_step_fault,rls,1,20,detect_adwin_d05,6c611810c3e6a463cd706bdcbdeeaebb370da34b3c93d6ca2806dc82a4f4f959,771106946f82c9305a6ff7d0e77b3ffae8118ab7,0,2,0.0,1,1,0.0625,0,0,173,160.23508207131835,-66.59964137604396,346.3105212424181,False
sparse_tuning,S4_step_fault,rls,1,20,detect_ks_a01,c146e7f1d58712e2ed21bafe8db3371f50ec8c1b4230d87b61b63b0c6739831a,771106946f82c9305a6ff7d0e77b3ffae8118ab7,0,2,0.0,1,1,0.0625,0,0,173,160.23508207131835,-66.59964137604396,346.3105212424181,False
sparse_tuning,S4_step_fault,rls,1,50,detect_cusum_h24,25c7a0718774be449f34553eb638b6ed5235b58fd7bb9b689fec43b786a22e03,771106946f82c9305a6ff7d0e77b3ffae8118ab7,0,2,0.0,0,0,0.0,0,0,70,179.18839599805384,-114.10376394681832,394.34555489816745,False
sparse_tuning,S4_step_fault,rls,1,50,detect_cusum,89d3312dc307985ca2049116383da2be51d47885fb8986c82679b064cf156688,771106946f82c9305a6ff7d0e77b3ffae8118ab7,0,2,0.0,0,0,0.0,0,0,70,179.18839599805384,-114.10376394681832,394.34555489816745,False
sparse_tuning,S4_step_fault,rls,1,50,detect_cusum_h6,66083910189a8bd6d60aa139f42319b42e63ec9b048b58bc17f798bcf5b5eac5,771106946f82c9305a6ff7d0e77b3ffae8118ab7,0,2,0.0,0,0,0.0,0,0,70,179.18839599805384,-114.10376394681832,394.34555489816745,False
sparse_tuning,S4_step_fault,rls,1,50,detect_ph,05ba5b356c8ac04dfaccc2a13c1bc8f67e2306b47ba681cc4bd071bd9cde815d,771106946f82c9305a6ff7d0e77b3ffae8118ab7,0,2,0.0,0,0,0.0,0,0,70,179.18839599805384,-114.10376394681832,394.34555489816745,False
sparse_tuning,S4_step_fault,rls,1,50,detect_ph_h7p5,4bfec442c9210f365e95c401ccf797bff6738e8c5fb3640dbf491f8734d2d4c8,771106946f82c9305a6ff7d0e77b3ffae8118ab7,0,2,0.0,0,0,0.0,0,0,70,179.18839599805384,-114.10376394681832,394.34555489816745,False
sparse_tuning,S4_step_fault,rls,1,50,detect_ph_h3p75,b305dc18838931f404bb0b14db5e9978022ffd09691117e24a386787e6862863,771106946f82c9305a6ff7d0e77b3ffae8118ab7,0,2,0.0,0,0,0.0,0,0,70,179.18839599805384,-114.10376394681832,394.34555489816745,False
sparse_tuning,S4_step_fault,rls,1,50,detect_adwin_d05,79a6b83d141723908bfb604522e895691481e5d3a943ff1e1b79b26bc63b9431,771106946f82c9305a6ff7d0e77b3ffae8118ab7,0,2,0.0,0,0,0.0,0,0,70,179.18839599805384,-114.10376394681832,394.34555489816745,False
sparse_tuning,S4_step_fault,rls,1,50,detect_ks_a01,034fbcd9b26d7677815232a0512830eb166d7c1cb9123c540bfaebedcc349f14,771106946f82c9305a6ff7d0e77b3ffae8118ab7,0,2,0.0,0,0,0.0,0,0,70,179.18839599805384,-114.10376394681832,394.34555489816745,False
sparse_tuning,S4_step_fault,rls,2,20,detect_cusum_h24,64fbb9c1a7ccc8e5de6fd9598d596c6609910ede803311e3beb4debf166de3ed,771106946f82c9305a6ff7d0e77b3ffae8118ab7,0,2,0.0,0,0,0.0,0,0,178,145.3734733553119,-15.475509454982847,307.96635177666604,False
sparse_tuning,S4_step_fault,rls,2,20,detect_cusum,3e0394e2424db1db8623ee492371ffcc235e755b97915b5c4f64c237beba04c1,771106946f82c9305a6ff7d0e77b3ffae8118ab7,0,2,0.0,1,1,0.0625,0,0,178,145.3734733553119,-15.475509454982847,307.96635177666604,False
sparse_tuning,S4_step_fault,rls,2,20,detect_cusum_h6,8a90a4812b8f7c6979031ec68b0ad5fb3ad9d0e832b77da94033ba2de3259202,771106946f82c9305a6ff7d0e77b3ffae8118ab7,0,2,0.0,2,2,0.125,0,0,178,145.3734733553119,-15.475509454982847,307.96635177666604,False
sparse_tuning,S4_step_fault,rls,2,20,detect_ph,4b8703160bf8c5546907d5f7fb4e9ce530e422e525f26312bc1da8218c86a012,771106946f82c9305a6ff7d0e77b3ffae8118ab7,0,2,0.0,1,1,0.0625,0,0,178,145.3734733553119,-15.475509454982847,307.96635177666604,False
sparse_tuning,S4_step_fault,rls,2,20,detect_ph_h7p5,118533cb4ea4361bcc445fbc5efbd4cfa1d5cd6b84164ea2ef322a5f932971f2,771106946f82c9305a6ff7d0e77b3ffae8118ab7,0,2,0.0,1,1,0.0625,0,0,178,145.3734733553119,-15.475509454982847,307.96635177666604,False
sparse_tuning,S4_step_fault,rls,2,20,detect_ph_h3p75,6f1b5da9a153430a4f2a1c7771a754cf1156da4ed215d24e8368d40961a64c65,771106946f82c9305a6ff7d0e77b3ffae8118ab7,0,2,0.0,2,2,0.125,0,0,178,145.3734733553119,-15.475509454982847,307.96635177666604,False
sparse_tuning,S4_step_fault,rls,2,20,detect_adwin_d05,6c611810c3e6a463cd706bdcbdeeaebb370da34b3c93d6ca2806dc82a4f4f959,771106946f82c9305a6ff7d0e77b3ffae8118ab7,0,2,0.0,1,1,0.0625,0,0,178,145.3734733553119,-15.475509454982847,307.96635177666604,False
sparse_tuning,S4_step_fault,rls,2,20,detect_ks_a01,c146e7f1d58712e2ed21bafe8db3371f50ec8c1b4230d87b61b63b0c6739831a,771106946f82c9305a6ff7d0e77b3ffae8118ab7,0,2,0.0,0,0,0.0,0,0,178,145.3734733553119,-15.475509454982847,307.96635177666604,False
sparse_tuning,S4_step_fault,rls,2,50,detect_cusum_h24,25c7a0718774be449f34553eb638b6ed5235b58fd7bb9b689fec43b786a22e03,771106946f82c9305a6ff7d0e77b3ffae8118ab7,0,2,0.0,0,0,0.0,0,0,71,158.9676874739539,-81.39686022380545,349.37587292955374,False
sparse_tuning,S4_step_fault,rls,2,50,detect_cusum,89d3312dc307985ca2049116383da2be51d47885fb8986c82679b064cf156688,771106946f82c9305a6ff7d0e77b3ffae8118ab7,0,2,0.0,0,0,0.0,0,0,71,158.9676874739539,-81.39686022380545,349.37587292955374,False
sparse_tuning,S4_step_fault,rls,2,50,detect_cusum_h6,66083910189a8bd6d60aa139f42319b42e63ec9b048b58bc17f798bcf5b5eac5,771106946f82c9305a6ff7d0e77b3ffae8118ab7,0,2,0.0,0,0,0.0,0,0,71,158.9676874739539,-81.39686022380545,349.37587292955374,False
sparse_tuning,S4_step_fault,rls,2,50,detect_ph,05ba5b356c8ac04dfaccc2a13c1bc8f67e2306b47ba681cc4bd071bd9cde815d,771106946f82c9305a6ff7d0e77b3ffae8118ab7,0,2,0.0,0,0,0.0,0,0,71,158.9676874739539,-81.39686022380545,349.37587292955374,False
sparse_tuning,S4_step_fault,rls,2,50,detect_ph_h7p5,4bfec442c9210f365e95c401ccf797bff6738e8c5fb3640dbf491f8734d2d4c8,771106946f82c9305a6ff7d0e77b3ffae8118ab7,0,2,0.0,0,0,0.0,0,0,71,158.9676874739539,-81.39686022380545,349.37587292955374,False
sparse_tuning,S4_step_fault,rls,2,50,detect_ph_h3p75,b305dc18838931f404bb0b14db5e9978022ffd09691117e24a386787e6862863,771106946f82c9305a6ff7d0e77b3ffae8118ab7,0,2,0.0,0,0,0.0,0,0,71,158.9676874739539,-81.39686022380545,349.37587292955374,False
sparse_tuning,S4_step_fault,rls,2,50,detect_adwin_d05,79a6b83d141723908bfb604522e895691481e5d3a943ff1e1b79b26bc63b9431,771106946f82c9305a6ff7d0e77b3ffae8118ab7,0,2,0.0,0,0,0.0,0,0,71,158.9676874739539,-81.39686022380545,349.37587292955374,False
sparse_tuning,S4_step_fault,rls,2,50,detect_ks_a01,034fbcd9b26d7677815232a0512830eb166d7c1cb9123c540bfaebedcc349f14,771106946f82c9305a6ff7d0e77b3ffae8118ab7,0,2,0.0,0,0,0.0,0,0,71,158.9676874739539,-81.39686022380545,349.37587292955374,False
sparse_tuning,S4_step_fault,rls,3,20,detect_cusum_h24,64fbb9c1a7ccc8e5de6fd9598d596c6609910ede803311e3beb4debf166de3ed,771106946f82c9305a6ff7d0e77b3ffae8118ab7,0,2,0.0,0,0,0.0,0,0,179,151.6503872031093,-62.83828226654471,336.34069766738435,False
sparse_tuning,S4_step_fault,rls,3,20,detect_cusum,3e0394e2424db1db8623ee492371ffcc235e755b97915b5c4f64c237beba04c1,771106946f82c9305a6ff7d0e77b3ffae8118ab7,0,2,0.0,1,1,0.0625,0,0,179,151.6503872031093,-62.83828226654471,336.34069766738435,False
sparse_tuning,S4_step_fault,rls,3,20,detect_cusum_h6,8a90a4812b8f7c6979031ec68b0ad5fb3ad9d0e832b77da94033ba2de3259202,771106946f82c9305a6ff7d0e77b3ffae8118ab7,0,2,0.0,2,2,0.125,0,0,179,151.6503872031093,-62.83828226654471,336.34069766738435,False
sparse_tuning,S4_step_fault,rls,3,20,detect_ph,4b8703160bf8c5546907d5f7fb4e9ce530e422e525f26312bc1da8218c86a012,771106946f82c9305a6ff7d0e77b3ffae8118ab7,0,2,0.0,1,1,0.0625,0,0,179,151.6503872031093,-62.83828226654471,336.34069766738435,False
sparse_tuning,S4_step_fault,rls,3,20,detect_ph_h7p5,118533cb4ea4361bcc445fbc5efbd4cfa1d5cd6b84164ea2ef322a5f932971f2,771106946f82c9305a6ff7d0e77b3ffae8118ab7,0,2,0.0,2,2,0.125,0,0,179,151.6503872031093,-62.83828226654471,336.34069766738435,False
sparse_tuning,S4_step_fault,rls,3,20,detect_ph_h3p75,6f1b5da9a153430a4f2a1c7771a754cf1156da4ed215d24e8368d40961a64c65,771106946f82c9305a6ff7d0e77b3ffae8118ab7,0,2,0.0,2,2,0.125,0,0,179,151.6503872031093,-62.83828226654471,336.34069766738435,False
sparse_tuning,S4_step_fault,rls,3,20,detect_adwin_d05,6c611810c3e6a463cd706bdcbdeeaebb370da34b3c93d6ca2806dc82a4f4f959,771106946f82c9305a6ff7d0e77b3ffae8118ab7,1,1,0.5,1,0,0.0,0,0,179,151.6503872031093,-62.83828226654471,336.34069766738435,False
sparse_tuning,S4_step_fault,rls,3,20,detect_ks_a01,c146e7f1d58712e2ed21bafe8db3371f50ec8c1b4230d87b61b63b0c6739831a,771106946f82c9305a6ff7d0e77b3ffae8118ab7,0,2,0.0,0,0,0.0,0,0,179,151.6503872031093,-62.83828226654471,336.34069766738435,False
sparse_tuning,S4_step_fault,rls,3,50,detect_cusum_h24,25c7a0718774be449f34553eb638b6ed5235b58fd7bb9b689fec43b786a22e03,771106946f82c9305a6ff7d0e77b3ffae8118ab7,0,2,0.0,0,0,0.0,0,0,72,155.4725397524103,-81.57818964678894,346.59646731836176,False
sparse_tuning,S4_step_fault,rls,3,50,detect_cusum,89d3312dc307985ca2049116383da2be51d47885fb8986c82679b064cf156688,771106946f82c9305a6ff7d0e77b3ffae8118ab7,0,2,0.0,0,0,0.0,0,0,72,155.4725397524103,-81.57818964678894,346.59646731836176,False
sparse_tuning,S4_step_fault,rls,3,50,detect_cusum_h6,66083910189a8bd6d60aa139f42319b42e63ec9b048b58bc17f798bcf5b5eac5,771106946f82c9305a6ff7d0e77b3ffae8118ab7,0,2,0.0,0,0,0.0,0,0,72,155.4725397524103,-81.57818964678894,346.59646731836176,False
sparse_tuning,S4_step_fault,rls,3,50,detect_ph,05ba5b356c8ac04dfaccc2a13c1bc8f67e2306b47ba681cc4bd071bd9cde815d,771106946f82c9305a6ff7d0e77b3ffae8118ab7,0,2,0.0,0,0,0.0,0,0,72,155.4725397524103,-81.57818964678894,346.59646731836176,False
sparse_tuning,S4_step_fault,rls,3,50,detect_ph_h7p5,4bfec442c9210f365e95c401ccf797bff6738e8c5fb3640dbf491f8734d2d4c8,771106946f82c9305a6ff7d0e77b3ffae8118ab7,0,2,0.0,0,0,0.0,0,0,72,155.4725397524103,-81.57818964678894,346.59646731836176,False
sparse_tuning,S4_step_fault,rls,3,50,detect_ph_h3p75,b305dc18838931f404bb0b14db5e9978022ffd09691117e24a386787e6862863,771106946f82c9305a6ff7d0e77b3ffae8118ab7,0,2,0.0,1,1,0.0625,0,0,72,155.4725397524103,-81.57818964678894,346.59646731836176,False
sparse_tuning,S4_step_fault,rls,3,50,detect_adwin_d05,79a6b83d141723908bfb604522e895691481e5d3a943ff1e1b79b26bc63b9431,771106946f82c9305a6ff7d0e77b3ffae8118ab7,0,2,0.0,0,0,0.0,0,0,72,155.4725397524103,-81.57818964678894,346.59646731836176,False
sparse_tuning,S4_step_fault,rls,3,50,detect_ks_a01,034fbcd9b26d7677815232a0512830eb166d7c1cb9123c540bfaebedcc349f14,771106946f82c9305a6ff7d0e77b3ffae8118ab7,0,2,0.0,0,0,0.0,0,0,72,155.4725397524103,-81.57818964678894,346.59646731836176,False
sparse_tuning,S4_step_fault,rls,4,20,detect_cusum_h24,64fbb9c1a7ccc8e5de6fd9598d596c6609910ede803311e3beb4debf166de3ed,771106946f82c9305a6ff7d0e77b3ffae8118ab7,0,2,0.0,1,1,0.0625,0,0,179,161.32147899895608,-62.37815641764328,351.67267689515097,False
sparse_tuning,S4_step_fault,rls,4,20,detect_cusum,3e0394e2424db1db8623ee492371ffcc235e755b97915b5c4f64c237beba04c1,771106946f82c9305a6ff7d0e77b3ffae8118ab7,0,2,0.0,2,2,0.125,0,0,179,161.32147899895608,-62.37815641764328,351.67267689515097,False
sparse_tuning,S4_step_fault,rls,4,20,detect_cusum_h6,8a90a4812b8f7c6979031ec68b0ad5fb3ad9d0e832b77da94033ba2de3259202,771106946f82c9305a6ff7d0e77b3ffae8118ab7,0,2,0.0,2,2,0.125,0,0,179,161.32147899895608,-62.37815641764328,351.67267689515097,False
sparse_tuning,S4_step_fault,rls,4,20,detect_ph,4b8703160bf8c5546907d5f7fb4e9ce530e422e525f26312bc1da8218c86a012,771106946f82c9305a6ff7d0e77b3ffae8118ab7,0,2,0.0,1,1,0.0625,0,0,179,161.32147899895608,-62.37815641764328,351.67267689515097,False
sparse_tuning,S4_step_fault,rls,4,20,detect_ph_h7p5,118533cb4ea4361bcc445fbc5efbd4cfa1d5cd6b84164ea2ef322a5f932971f2,771106946f82c9305a6ff7d0e77b3ffae8118ab7,0,2,0.0,1,1,0.0625,0,0,179,161.32147899895608,-62.37815641764328,351.67267689515097,False
sparse_tuning,S4_step_fault,rls,4,20,detect_ph_h3p75,6f1b5da9a153430a4f2a1c7771a754cf1156da4ed215d24e8368d40961a64c65,771106946f82c9305a6ff7d0e77b3ffae8118ab7,0,2,0.0,2,2,0.125,0,0,179,161.32147899895608,-62.37815641764328,351.67267689515097,False
sparse_tuning,S4_step_fault,rls,4,20,detect_adwin_d05,6c611810c3e6a463cd706bdcbdeeaebb370da34b3c93d6ca2806dc82a4f4f959,771106946f82c9305a6ff7d0e77b3ffae8118ab7,0,2,0.0,1,1,0.0625,0,0,179,161.32147899895608,-62.37815641764328,351.67267689515097,False
sparse_tuning,S4_step_fault,rls,4,20,detect_ks_a01,c146e7f1d58712e2ed21bafe8db3371f50ec8c1b4230d87b61b63b0c6739831a,771106946f82c9305a6ff7d0e77b3ffae8118ab7,0,2,0.0,1,1,0.0625,0,0,179,161.32147899895608,-62.37815641764328,351.67267689515097,False
sparse_tuning,S4_step_fault,rls,4,50,detect_cusum_h24,25c7a0718774be449f34553eb638b6ed5235b58fd7bb9b689fec43b786a22e03,771106946f82c9305a6ff7d0e77b3ffae8118ab7,0,2,0.0,0,0,0.0,0,0,72,166.18910947755978,-92.8811362213481,366.166313210472,False
sparse_tuning,S4_step_fault,rls,4,50,detect_cusum,89d3312dc307985ca2049116383da2be51d47885fb8986c82679b064cf156688,771106946f82c9305a6ff7d0e77b3ffae8118ab7,0,2,0.0,0,0,0.0,0,0,72,166.18910947755978,-92.8811362213481,366.166313210472,False
sparse_tuning,S4_step_fault,rls,4,50,detect_cusum_h6,66083910189a8bd6d60aa139f42319b42e63ec9b048b58bc17f798bcf5b5eac5,771106946f82c9305a6ff7d0e77b3ffae8118ab7,0,2,0.0,0,0,0.0,0,0,72,166.18910947755978,-92.8811362213481,366.166313210472,False
sparse_tuning,S4_step_fault,rls,4,50,detect_ph,05ba5b356c8ac04dfaccc2a13c1bc8f67e2306b47ba681cc4bd071bd9cde815d,771106946f82c9305a6ff7d0e77b3ffae8118ab7,0,2,0.0,0,0,0.0,0,0,72,166.18910947755978,-92.8811362213481,366.166313210472,False
sparse_tuning,S4_step_fault,rls,4,50,detect_ph_h7p5,4bfec442c9210f365e95c401ccf797bff6738e8c5fb3640dbf491f8734d2d4c8,771106946f82c9305a6ff7d0e77b3ffae8118ab7,0,2,0.0,0,0,0.0,0,0,72,166.18910947755978,-92.8811362213481,366.166313210472,False
sparse_tuning,S4_step_fault,rls,4,50,detect_ph_h3p75,b305dc18838931f404bb0b14db5e9978022ffd09691117e24a386787e6862863,771106946f82c9305a6ff7d0e77b3ffae8118ab7,0,2,0.0,1,1,0.0625,0,0,72,166.18910947755978,-92.8811362213481,366.166313210472,False
sparse_tuning,S4_step_fault,rls,4,50,detect_adwin_d05,79a6b83d141723908bfb604522e895691481e5d3a943ff1e1b79b26bc63b9431,771106946f82c9305a6ff7d0e77b3ffae8118ab7,0,2,0.0,0,0,0.0,0,0,72,166.18910947755978,-92.8811362213481,366.166313210472,False
sparse_tuning,S4_step_fault,rls,4,50,detect_ks_a01,034fbcd9b26d7677815232a0512830eb166d7c1cb9123c540bfaebedcc349f14,771106946f82c9305a6ff7d0e77b3ffae8118ab7,0,2,0.0,0,0,0.0,0,0,72,166.18910947755978,-92.8811362213481,366.166313210472,False
sparse_tuning,S4_step_fault,rls,5,20,detect_cusum_h24,64fbb9c1a7ccc8e5de6fd9598d596c6609910ede803311e3beb4debf166de3ed,771106946f82c9305a6ff7d0e77b3ffae8118ab7,0,2,0.0,0,0,0.0,0,0,178,155.12250071454304,-60.81860574607633,341.66805145214056,False
sparse_tuning,S4_step_fault,rls,5,20,detect_cusum,3e0394e2424db1db8623ee492371ffcc235e755b97915b5c4f64c237beba04c1,771106946f82c9305a6ff7d0e77b3ffae8118ab7,0,2,0.0,0,0,0.0,0,0,178,155.12250071454304,-60.81860574607633,341.66805145214056,False
sparse_tuning,S4_step_fault,rls,5,20,detect_cusum_h6,8a90a4812b8f7c6979031ec68b0ad5fb3ad9d0e832b77da94033ba2de3259202,771106946f82c9305a6ff7d0e77b3ffae8118ab7,0,2,0.0,2,2,0.125,0,0,178,155.12250071454304,-60.81860574607633,341.66805145214056,False
sparse_tuning,S4_step_fault,rls,5,20,detect_ph,4b8703160bf8c5546907d5f7fb4e9ce530e422e525f26312bc1da8218c86a012,771106946f82c9305a6ff7d0e77b3ffae8118ab7,0,2,0.0,0,0,0.0,0,0,178,155.12250071454304,-60.81860574607633,341.66805145214056,False
sparse_tuning,S4_step_fault,rls,5,20,detect_ph_h7p5,118533cb4ea4361bcc445fbc5efbd4cfa1d5cd6b84164ea2ef322a5f932971f2,771106946f82c9305a6ff7d0e77b3ffae8118ab7,0,2,0.0,1,1,0.0625,0,0,178,155.12250071454304,-60.81860574607633,341.66805145214056,False
sparse_tuning,S4_step_fault,rls,5,20,detect_ph_h3p75,6f1b5da9a153430a4f2a1c7771a754cf1156da4ed215d24e8368d40961a64c65,771106946f82c9305a6ff7d0e77b3ffae8118ab7,0,2,0.0,2,2,0.125,0,0,178,155.12250071454304,-60.81860574607633,341.66805145214056,False
sparse_tuning,S4_step_fault,rls,5,20,detect_adwin_d05,6c611810c3e6a463cd706bdcbdeeaebb370da34b3c93d6ca2806dc82a4f4f959,771106946f82c9305a6ff7d0e77b3ffae8118ab7,0,2,0.0,1,1,0.0625,0,0,178,155.12250071454304,-60.81860574607633,341.66805145214056,False
sparse_tuning,S4_step_fault,rls,5,20,detect_ks_a01,c146e7f1d58712e2ed21bafe8db3371f50ec8c1b4230d87b61b63b0c6739831a,771106946f82c9305a6ff7d0e77b3ffae8118ab7,0,2,0.0,0,0,0.0,0,0,178,155.12250071454304,-60.81860574607633,341.66805145214056,False
sparse_tuning,S4_step_fault,rls,5,50,detect_cusum_h24,25c7a0718774be449f34553eb638b6ed5235b58fd7bb9b689fec43b786a22e03,771106946f82c9305a6ff7d0e77b3ffae8118ab7,0,2,0.0,0,0,0.0,0,0,72,169.51303620906302,-102.2968764953048,383.61446615307125,False
sparse_tuning,S4_step_fault,rls,5,50,detect_cusum,89d3312dc307985ca2049116383da2be51d47885fb8986c82679b064cf156688,771106946f82c9305a6ff7d0e77b3ffae8118ab7,0,2,0.0,0,0,0.0,0,0,72,169.51303620906302,-102.2968764953048,383.61446615307125,False
sparse_tuning,S4_step_fault,rls,5,50,detect_cusum_h6,66083910189a8bd6d60aa139f42319b42e63ec9b048b58bc17f798bcf5b5eac5,771106946f82c9305a6ff7d0e77b3ffae8118ab7,0,2,0.0,0,0,0.0,0,0,72,169.51303620906302,-102.2968764953048,383.61446615307125,False
sparse_tuning,S4_step_fault,rls,5,50,detect_ph,05ba5b356c8ac04dfaccc2a13c1bc8f67e2306b47ba681cc4bd071bd9cde815d,771106946f82c9305a6ff7d0e77b3ffae8118ab7,0,2,0.0,0,0,0.0,0,0,72,169.51303620906302,-102.2968764953048,383.61446615307125,False
sparse_tuning,S4_step_fault,rls,5,50,detect_ph_h7p5,4bfec442c9210f365e95c401ccf797bff6738e8c5fb3640dbf491f8734d2d4c8,771106946f82c9305a6ff7d0e77b3ffae8118ab7,0,2,0.0,0,0,0.0,0,0,72,169.51303620906302,-102.2968764953048,383.61446615307125,False
sparse_tuning,S4_step_fault,rls,5,50,detect_ph_h3p75,b305dc18838931f404bb0b14db5e9978022ffd09691117e24a386787e6862863,771106946f82c9305a6ff7d0e77b3ffae8118ab7,0,2,0.0,1,1,0.0625,0,0,72,169.51303620906302,-102.2968764953048,383.61446615307125,False
sparse_tuning,S4_step_fault,rls,5,50,detect_adwin_d05,79a6b83d141723908bfb604522e895691481e5d3a943ff1e1b79b26bc63b9431,771106946f82c9305a6ff7d0e77b3ffae8118ab7,0,2,0.0,0,0,0.0,0,0,72,169.51303620906302,-102.2968764953048,383.61446615307125,False
sparse_tuning,S4_step_fault,rls,5,50,detect_ks_a01,034fbcd9b26d7677815232a0512830eb166d7c1cb9123c540bfaebedcc349f14,771106946f82c9305a6ff7d0e77b3ffae8118ab7,0,2,0.0,0,0,0.0,0,0,72,169.51303620906302,-102.2968764953048,383.61446615307125,False
sparse_tuning,S4_step_fault,rls,6,20,detect_cusum_h24,64fbb9c1a7ccc8e5de6fd9598d596c6609910ede803311e3beb4debf166de3ed,771106946f82c9305a6ff7d0e77b3ffae8118ab7,0,2,0.0,0,0,0.0,0,0,176,172.41400765611462,-77.90691262656074,372.8705386412266,False
sparse_tuning,S4_step_fault,rls,6,20,detect_cusum,3e0394e2424db1db8623ee492371ffcc235e755b97915b5c4f64c237beba04c1,771106946f82c9305a6ff7d0e77b3ffae8118ab7,0,2,0.0,2,2,0.125,0,0,176,172.41400765611462,-77.90691262656074,372.8705386412266,False
sparse_tuning,S4_step_fault,rls,6,20,detect_cusum_h6,8a90a4812b8f7c6979031ec68b0ad5fb3ad9d0e832b77da94033ba2de3259202,771106946f82c9305a6ff7d0e77b3ffae8118ab7,0,2,0.0,2,2,0.125,0,0,176,172.41400765611462,-77.90691262656074,372.8705386412266,False
sparse_tuning,S4_step_fault,rls,6,20,detect_ph,4b8703160bf8c5546907d5f7fb4e9ce530e422e525f26312bc1da8218c86a012,771106946f82c9305a6ff7d0e77b3ffae8118ab7,0,2,0.0,0,0,0.0,0,0,176,172.41400765611462,-77.90691262656074,372.8705386412266,False
sparse_tuning,S4_step_fault,rls,6,20,detect_ph_h7p5,118533cb4ea4361bcc445fbc5efbd4cfa1d5cd6b84164ea2ef322a5f932971f2,771106946f82c9305a6ff7d0e77b3ffae8118ab7,0,2,0.0,1,1,0.0625,0,0,176,172.41400765611462,-77.90691262656074,372.8705386412266,False
sparse_tuning,S4_step_fault,rls,6,20,detect_ph_h3p75,6f1b5da9a153430a4f2a1c7771a754cf1156da4ed215d24e8368d40961a64c65,771106946f82c9305a6ff7d0e77b3ffae8118ab7,0,2,0.0,1,1,0.0625,0,0,176,172.41400765611462,-77.90691262656074,372.8705386412266,False
sparse_tuning,S4_step_fault,rls,6,20,detect_adwin_d05,6c611810c3e6a463cd706bdcbdeeaebb370da34b3c93d6ca2806dc82a4f4f959,771106946f82c9305a6ff7d0e77b3ffae8118ab7,0,2,0.0,1,1,0.0625,0,0,176,172.41400765611462,-77.90691262656074,372.8705386412266,False
sparse_tuning,S4_step_fault,rls,6,20,detect_ks_a01,c146e7f1d58712e2ed21bafe8db3371f50ec8c1b4230d87b61b63b0c6739831a,771106946f82c9305a6ff7d0e77b3ffae8118ab7,0,2,0.0,0,0,0.0,0,0,176,172.41400765611462,-77.90691262656074,372.8705386412266,False
sparse_tuning,S4_step_fault,rls,6,50,detect_cusum_h24,25c7a0718774be449f34553eb638b6ed5235b58fd7bb9b689fec43b786a22e03,771106946f82c9305a6ff7d0e77b3ffae8118ab7,0,2,0.0,0,0,0.0,0,0,71,185.32139141987363,-118.47271452987202,399.8817457884393,False
sparse_tuning,S4_step_fault,rls,6,50,detect_cusum,89d3312dc307985ca2049116383da2be51d47885fb8986c82679b064cf156688,771106946f82c9305a6ff7d0e77b3ffae8118ab7,0,2,0.0,0,0,0.0,0,0,71,185.32139141987363,-118.47271452987202,399.8817457884393,False
sparse_tuning,S4_step_fault,rls,6,50,detect_cusum_h6,66083910189a8bd6d60aa139f42319b42e63ec9b048b58bc17f798bcf5b5eac5,771106946f82c9305a6ff7d0e77b3ffae8118ab7,0,2,0.0,0,0,0.0,0,0,71,185.32139141987363,-118.47271452987202,399.8817457884393,False
sparse_tuning,S4_step_fault,rls,6,50,detect_ph,05ba5b356c8ac04dfaccc2a13c1bc8f67e2306b47ba681cc4bd071bd9cde815d,771106946f82c9305a6ff7d0e77b3ffae8118ab7,0,2,0.0,0,0,0.0,0,0,71,185.32139141987363,-118.47271452987202,399.8817457884393,False
sparse_tuning,S4_step_fault,rls,6,50,detect_ph_h7p5,4bfec442c9210f365e95c401ccf797bff6738e8c5fb3640dbf491f8734d2d4c8,771106946f82c9305a6ff7d0e77b3ffae8118ab7,0,2,0.0,0,0,0.0,0,0,71,185.32139141987363,-118.47271452987202,399.8817457884393,False
sparse_tuning,S4_step_fault,rls,6,50,detect_ph_h3p75,b305dc18838931f404bb0b14db5e9978022ffd09691117e24a386787e6862863,771106946f82c9305a6ff7d0e77b3ffae8118ab7,0,2,0.0,1,1,0.0625,0,0,71,185.32139141987363,-118.47271452987202,399.8817457884393,False
sparse_tuning,S4_step_fault,rls,6,50,detect_adwin_d05,79a6b83d141723908bfb604522e895691481e5d3a943ff1e1b79b26bc63b9431,771106946f82c9305a6ff7d0e77b3ffae8118ab7,0,2,0.0,0,0,0.0,0,0,71,185.32139141987363,-118.47271452987202,399.8817457884393,False
sparse_tuning,S4_step_fault,rls,6,50,detect_ks_a01,034fbcd9b26d7677815232a0512830eb166d7c1cb9123c540bfaebedcc349f14,771106946f82c9305a6ff7d0e77b3ffae8118ab7,0,2,0.0,0,0,0.0,0,0,71,185.32139141987363,-118.47271452987202,399.8817457884393,False
sparse_tuning,S4_step_fault,rls,7,20,detect_cusum_h24,64fbb9c1a7ccc8e5de6fd9598d596c6609910ede803311e3beb4debf166de3ed,771106946f82c9305a6ff7d0e77b3ffae8118ab7,0,2,0.0,0,0,0.0,0,0,172,164.22424834872217,-82.06655166225777,362.5779877650818,False
sparse_tuning,S4_step_fault,rls,7,20,detect_cusum,3e0394e2424db1db8623ee492371ffcc235e755b97915b5c4f64c237beba04c1,771106946f82c9305a6ff7d0e77b3ffae8118ab7,0,2,0.0,0,0,0.0,0,0,172,164.22424834872217,-82.06655166225777,362.5779877650818,False
sparse_tuning,S4_step_fault,rls,7,20,detect_cusum_h6,8a90a4812b8f7c6979031ec68b0ad5fb3ad9d0e832b77da94033ba2de3259202,771106946f82c9305a6ff7d0e77b3ffae8118ab7,0,2,0.0,1,1,0.0625,0,0,172,164.22424834872217,-82.06655166225777,362.5779877650818,False
sparse_tuning,S4_step_fault,rls,7,20,detect_ph,4b8703160bf8c5546907d5f7fb4e9ce530e422e525f26312bc1da8218c86a012,771106946f82c9305a6ff7d0e77b3ffae8118ab7,0,2,0.0,1,1,0.0625,0,0,172,164.22424834872217,-82.06655166225777,362.5779877650818,False
sparse_tuning,S4_step_fault,rls,7,20,detect_ph_h7p5,118533cb4ea4361bcc445fbc5efbd4cfa1d5cd6b84164ea2ef322a5f932971f2,771106946f82c9305a6ff7d0e77b3ffae8118ab7,0,2,0.0,1,1,0.0625,0,0,172,164.22424834872217,-82.06655166225777,362.5779877650818,False
sparse_tuning,S4_step_fault,rls,7,20,detect_ph_h3p75,6f1b5da9a153430a4f2a1c7771a754cf1156da4ed215d24e8368d40961a64c65,771106946f82c9305a6ff7d0e77b3ffae8118ab7,0,2,0.0,1,1,0.0625,0,0,172,164.22424834872217,-82.06655166225777,362.5779877650818,False
sparse_tuning,S4_step_fault,rls,7,20,detect_adwin_d05,6c611810c3e6a463cd706bdcbdeeaebb370da34b3c93d6ca2806dc82a4f4f959,771106946f82c9305a6ff7d0e77b3ffae8118ab7,0,2,0.0,1,1,0.0625,0,0,172,164.22424834872217,-82.06655166225777,362.5779877650818,False
sparse_tuning,S4_step_fault,rls,7,20,detect_ks_a01,c146e7f1d58712e2ed21bafe8db3371f50ec8c1b4230d87b61b63b0c6739831a,771106946f82c9305a6ff7d0e77b3ffae8118ab7,0,2,0.0,0,0,0.0,0,0,172,164.22424834872217,-82.06655166225777,362.5779877650818,False
sparse_tuning,S4_step_fault,rls,7,50,detect_cusum_h24,25c7a0718774be449f34553eb638b6ed5235b58fd7bb9b689fec43b786a22e03,771106946f82c9305a6ff7d0e77b3ffae8118ab7,0,2,0.0,0,0,0.0,0,0,69,183.4388039536993,-126.12002893256715,421.7829930522416,False
sparse_tuning,S4_step_fault,rls,7,50,detect_cusum,89d3312dc307985ca2049116383da2be51d47885fb8986c82679b064cf156688,771106946f82c9305a6ff7d0e77b3ffae8118ab7,0,2,0.0,0,0,0.0,0,0,69,183.4388039536993,-126.12002893256715,421.7829930522416,False
sparse_tuning,S4_step_fault,rls,7,50,detect_cusum_h6,66083910189a8bd6d60aa139f42319b42e63ec9b048b58bc17f798bcf5b5eac5,771106946f82c9305a6ff7d0e77b3ffae8118ab7,0,2,0.0,0,0,0.0,0,0,69,183.4388039536993,-126.12002893256715,421.7829930522416,False
sparse_tuning,S4_step_fault,rls,7,50,detect_ph,05ba5b356c8ac04dfaccc2a13c1bc8f67e2306b47ba681cc4bd071bd9cde815d,771106946f82c9305a6ff7d0e77b3ffae8118ab7,0,2,0.0,0,0,0.0,0,0,69,183.4388039536993,-126.12002893256715,421.7829930522416,False
sparse_tuning,S4_step_fault,rls,7,50,detect_ph_h7p5,4bfec442c9210f365e95c401ccf797bff6738e8c5fb3640dbf491f8734d2d4c8,771106946f82c9305a6ff7d0e77b3ffae8118ab7,0,2,0.0,0,0,0.0,0,0,69,183.4388039536993,-126.12002893256715,421.7829930522416,False
sparse_tuning,S4_step_fault,rls,7,50,detect_ph_h3p75,b305dc18838931f404bb0b14db5e9978022ffd09691117e24a386787e6862863,771106946f82c9305a6ff7d0e77b3ffae8118ab7,0,2,0.0,0,0,0.0,0,0,69,183.4388039536993,-126.12002893256715,421.7829930522416,False
sparse_tuning,S4_step_fault,rls,7,50,detect_adwin_d05,79a6b83d141723908bfb604522e895691481e5d3a943ff1e1b79b26bc63b9431,771106946f82c9305a6ff7d0e77b3ffae8118ab7,0,2,0.0,0,0,0.0,0,0,69,183.4388039536993,-126.12002893256715,421.7829930522416,False
sparse_tuning,S4_step_fault,rls,7,50,detect_ks_a01,034fbcd9b26d7677815232a0512830eb166d7c1cb9123c540bfaebedcc349f14,771106946f82c9305a6ff7d0e77b3ffae8118ab7,0,2,0.0,0,0,0.0,0,0,69,183.4388039536993,-126.12002893256715,421.7829930522416,False
sparse_tuning,S4_step_fault,rls,8,20,detect_cusum_h24,64fbb9c1a7ccc8e5de6fd9598d596c6609910ede803311e3beb4debf166de3ed,771106946f82c9305a6ff7d0e77b3ffae8118ab7,0,2,0.0,0,0,0.0,0,0,177,153.51344998585708,-33.5200201965,331.1869289849695,False
sparse_tuning,S4_step_fault,rls,8,20,detect_cusum,3e0394e2424db1db8623ee492371ffcc235e755b97915b5c4f64c237beba04c1,771106946f82c9305a6ff7d0e77b3ffae8118ab7,0,2,0.0,0,0,0.0,0,0,177,153.51344998585708,-33.5200201965,331.1869289849695,False
sparse_tuning,S4_step_fault,rls,8,20,detect_cusum_h6,8a90a4812b8f7c6979031ec68b0ad5fb3ad9d0e832b77da94033ba2de3259202,771106946f82c9305a6ff7d0e77b3ffae8118ab7,0,2,0.0,2,2,0.125,0,0,177,153.51344998585708,-33.5200201965,331.1869289849695,False
sparse_tuning,S4_step_fault,rls,8,20,detect_ph,4b8703160bf8c5546907d5f7fb4e9ce530e422e525f26312bc1da8218c86a012,771106946f82c9305a6ff7d0e77b3ffae8118ab7,0,2,0.0,0,0,0.0,0,0,177,153.51344998585708,-33.5200201965,331.1869289849695,False
sparse_tuning,S4_step_fault,rls,8,20,detect_ph_h7p5,118533cb4ea4361bcc445fbc5efbd4cfa1d5cd6b84164ea2ef322a5f932971f2,771106946f82c9305a6ff7d0e77b3ffae8118ab7,0,2,0.0,1,1,0.0625,0,0,177,153.51344998585708,-33.5200201965,331.1869289849695,False
sparse_tuning,S4_step_fault,rls,8,20,detect_ph_h3p75,6f1b5da9a153430a4f2a1c7771a754cf1156da4ed215d24e8368d40961a64c65,771106946f82c9305a6ff7d0e77b3ffae8118ab7,0,2,0.0,1,1,0.0625,0,0,177,153.51344998585708,-33.5200201965,331.1869289849695,False
sparse_tuning,S4_step_fault,rls,8,20,detect_adwin_d05,6c611810c3e6a463cd706bdcbdeeaebb370da34b3c93d6ca2806dc82a4f4f959,771106946f82c9305a6ff7d0e77b3ffae8118ab7,0,2,0.0,1,1,0.0625,0,0,177,153.51344998585708,-33.5200201965,331.1869289849695,False
sparse_tuning,S4_step_fault,rls,8,20,detect_ks_a01,c146e7f1d58712e2ed21bafe8db3371f50ec8c1b4230d87b61b63b0c6739831a,771106946f82c9305a6ff7d0e77b3ffae8118ab7,0,2,0.0,0,0,0.0,0,0,177,153.51344998585708,-33.5200201965,331.1869289849695,False
sparse_tuning,S4_step_fault,rls,8,50,detect_cusum_h24,25c7a0718774be449f34553eb638b6ed5235b58fd7bb9b689fec43b786a22e03,771106946f82c9305a6ff7d0e77b3ffae8118ab7,0,2,0.0,0,0,0.0,0,0,71,171.78387139535704,-92.9299294753679,390.6904106101336,False
sparse_tuning,S4_step_fault,rls,8,50,detect_cusum,89d3312dc307985ca2049116383da2be51d47885fb8986c82679b064cf156688,771106946f82c9305a6ff7d0e77b3ffae8118ab7,0,2,0.0,0,0,0.0,0,0,71,171.78387139535704,-92.9299294753679,390.6904106101336,False
sparse_tuning,S4_step_fault,rls,8,50,detect_cusum_h6,66083910189a8bd6d60aa139f42319b42e63ec9b048b58bc17f798bcf5b5eac5,771106946f82c9305a6ff7d0e77b3ffae8118ab7,0,2,0.0,0,0,0.0,0,0,71,171.78387139535704,-92.9299294753679,390.6904106101336,False
sparse_tuning,S4_step_fault,rls,8,50,detect_ph,05ba5b356c8ac04dfaccc2a13c1bc8f67e2306b47ba681cc4bd071bd9cde815d,771106946f82c9305a6ff7d0e77b3ffae8118ab7,0,2,0.0,0,0,0.0,0,0,71,171.78387139535704,-92.9299294753679,390.6904106101336,False
sparse_tuning,S4_step_fault,rls,8,50,detect_ph_h7p5,4bfec442c9210f365e95c401ccf797bff6738e8c5fb3640dbf491f8734d2d4c8,771106946f82c9305a6ff7d0e77b3ffae8118ab7,0,2,0.0,0,0,0.0,0,0,71,171.78387139535704,-92.9299294753679,390.6904106101336,False
sparse_tuning,S4_step_fault,rls,8,50,detect_ph_h3p75,b305dc18838931f404bb0b14db5e9978022ffd09691117e24a386787e6862863,771106946f82c9305a6ff7d0e77b3ffae8118ab7,0,2,0.0,0,0,0.0,0,0,71,171.78387139535704,-92.9299294753679,390.6904106101336,False
sparse_tuning,S4_step_fault,rls,8,50,detect_adwin_d05,79a6b83d141723908bfb604522e895691481e5d3a943ff1e1b79b26bc63b9431,771106946f82c9305a6ff7d0e77b3ffae8118ab7,0,2,0.0,0,0,0.0,0,0,71,171.78387139535704,-92.9299294753679,390.6904106101336,False
sparse_tuning,S4_step_fault,rls,8,50,detect_ks_a01,034fbcd9b26d7677815232a0512830eb166d7c1cb9123c540bfaebedcc349f14,771106946f82c9305a6ff7d0e77b3ffae8118ab7,0,2,0.0,0,0,0.0,0,0,71,171.78387139535704,-92.9299294753679,390.6904106101336,False
sparse_tuning,S4_step_fault,rls,9,20,detect_cusum_h24,64fbb9c1a7ccc8e5de6fd9598d596c6609910ede803311e3beb4debf166de3ed,771106946f82c9305a6ff7d0e77b3ffae8118ab7,0,2,0.0,1,1,0.0625,0,0,173,154.54536697125639,-64.7921521415926,338.5803114618384,False
sparse_tuning,S4_step_fault,rls,9,20,detect_cusum,3e0394e2424db1db8623ee492371ffcc235e755b97915b5c4f64c237beba04c1,771106946f82c9305a6ff7d0e77b3ffae8118ab7,0,2,0.0,1,1,0.0625,0,0,173,154.54536697125639,-64.7921521415926,338.5803114618384,False
sparse_tuning,S4_step_fault,rls,9,20,detect_cusum_h6,8a90a4812b8f7c6979031ec68b0ad5fb3ad9d0e832b77da94033ba2de3259202,771106946f82c9305a6ff7d0e77b3ffae8118ab7,0,2,0.0,2,2,0.125,0,0,173,154.54536697125639,-64.7921521415926,338.5803114618384,False
sparse_tuning,S4_step_fault,rls,9,20,detect_ph,4b8703160bf8c5546907d5f7fb4e9ce530e422e525f26312bc1da8218c86a012,771106946f82c9305a6ff7d0e77b3ffae8118ab7,0,2,0.0,1,1,0.0625,0,0,173,154.54536697125639,-64.7921521415926,338.5803114618384,False
sparse_tuning,S4_step_fault,rls,9,20,detect_ph_h7p5,118533cb4ea4361bcc445fbc5efbd4cfa1d5cd6b84164ea2ef322a5f932971f2,771106946f82c9305a6ff7d0e77b3ffae8118ab7,0,2,0.0,1,1,0.0625,0,0,173,154.54536697125639,-64.7921521415926,338.5803114618384,False
sparse_tuning,S4_step_fault,rls,9,20,detect_ph_h3p75,6f1b5da9a153430a4f2a1c7771a754cf1156da4ed215d24e8368d40961a64c65,771106946f82c9305a6ff7d0e77b3ffae8118ab7,0,2,0.0,2,2,0.125,0,0,173,154.54536697125639,-64.7921521415926,338.5803114618384,False
sparse_tuning,S4_step_fault,rls,9,20,detect_adwin_d05,6c611810c3e6a463cd706bdcbdeeaebb370da34b3c93d6ca2806dc82a4f4f959,771106946f82c9305a6ff7d0e77b3ffae8118ab7,0,2,0.0,1,1,0.0625,0,0,173,154.54536697125639,-64.7921521415926,338.5803114618384,False
sparse_tuning,S4_step_fault,rls,9,20,detect_ks_a01,c146e7f1d58712e2ed21bafe8db3371f50ec8c1b4230d87b61b63b0c6739831a,771106946f82c9305a6ff7d0e77b3ffae8118ab7,0,2,0.0,0,0,0.0,0,0,173,154.54536697125639,-64.7921521415926,338.5803114618384,False
sparse_tuning,S4_step_fault,rls,9,50,detect_cusum_h24,25c7a0718774be449f34553eb638b6ed5235b58fd7bb9b689fec43b786a22e03,771106946f82c9305a6ff7d0e77b3ffae8118ab7,0,2,0.0,0,0,0.0,0,0,70,169.54848002774347,-107.39991325446749,380.91881975182685,False
sparse_tuning,S4_step_fault,rls,9,50,detect_cusum,89d3312dc307985ca2049116383da2be51d47885fb8986c82679b064cf156688,771106946f82c9305a6ff7d0e77b3ffae8118ab7,0,2,0.0,0,0,0.0,0,0,70,169.54848002774347,-107.39991325446749,380.91881975182685,False
sparse_tuning,S4_step_fault,rls,9,50,detect_cusum_h6,66083910189a8bd6d60aa139f42319b42e63ec9b048b58bc17f798bcf5b5eac5,771106946f82c9305a6ff7d0e77b3ffae8118ab7,0,2,0.0,0,0,0.0,0,0,70,169.54848002774347,-107.39991325446749,380.91881975182685,False
sparse_tuning,S4_step_fault,rls,9,50,detect_ph,05ba5b356c8ac04dfaccc2a13c1bc8f67e2306b47ba681cc4bd071bd9cde815d,771106946f82c9305a6ff7d0e77b3ffae8118ab7,0,2,0.0,0,0,0.0,0,0,70,169.54848002774347,-107.39991325446749,380.91881975182685,False
sparse_tuning,S4_step_fault,rls,9,50,detect_ph_h7p5,4bfec442c9210f365e95c401ccf797bff6738e8c5fb3640dbf491f8734d2d4c8,771106946f82c9305a6ff7d0e77b3ffae8118ab7,0,2,0.0,0,0,0.0,0,0,70,169.54848002774347,-107.39991325446749,380.91881975182685,False
sparse_tuning,S4_step_fault,rls,9,50,detect_ph_h3p75,b305dc18838931f404bb0b14db5e9978022ffd09691117e24a386787e6862863,771106946f82c9305a6ff7d0e77b3ffae8118ab7,0,2,0.0,0,0,0.0,0,0,70,169.54848002774347,-107.39991325446749,380.91881975182685,False
sparse_tuning,S4_step_fault,rls,9,50,detect_adwin_d05,79a6b83d141723908bfb604522e895691481e5d3a943ff1e1b79b26bc63b9431,771106946f82c9305a6ff7d0e77b3ffae8118ab7,0,2,0.0,0,0,0.0,0,0,70,169.54848002774347,-107.39991325446749,380.91881975182685,False
sparse_tuning,S4_step_fault,rls,9,50,detect_ks_a01,034fbcd9b26d7677815232a0512830eb166d7c1cb9123c540bfaebedcc349f14,771106946f82c9305a6ff7d0e77b3ffae8118ab7,0,2,0.0,0,0,0.0,0,0,70,169.54848002774347,-107.39991325446749,380.91881975182685,False
sparse_tuning,S4_step_fault,rls,10,20,detect_cusum_h24,64fbb9c1a7ccc8e5de6fd9598d596c6609910ede803311e3beb4debf166de3ed,771106946f82c9305a6ff7d0e77b3ffae8118ab7,0,2,0.0,0,0,0.0,0,0,175,166.72959259832515,-74.37958413202794,356.39410826098646,False
sparse_tuning,S4_step_fault,rls,10,20,detect_cusum,3e0394e2424db1db8623ee492371ffcc235e755b97915b5c4f64c237beba04c1,771106946f82c9305a6ff7d0e77b3ffae8118ab7,0,2,0.0,1,1,0.0625,0,0,175,166.72959259832515,-74.37958413202794,356.39410826098646,False
sparse_tuning,S4_step_fault,rls,10,20,detect_cusum_h6,8a90a4812b8f7c6979031ec68b0ad5fb3ad9d0e832b77da94033ba2de3259202,771106946f82c9305a6ff7d0e77b3ffae8118ab7,0,2,0.0,1,1,0.0625,0,0,175,166.72959259832515,-74.37958413202794,356.39410826098646,False
sparse_tuning,S4_step_fault,rls,10,20,detect_ph,4b8703160bf8c5546907d5f7fb4e9ce530e422e525f26312bc1da8218c86a012,771106946f82c9305a6ff7d0e77b3ffae8118ab7,0,2,0.0,1,1,0.0625,0,0,175,166.72959259832515,-74.37958413202794,356.39410826098646,False
sparse_tuning,S4_step_fault,rls,10,20,detect_ph_h7p5,118533cb4ea4361bcc445fbc5efbd4cfa1d5cd6b84164ea2ef322a5f932971f2,771106946f82c9305a6ff7d0e77b3ffae8118ab7,0,2,0.0,1,1,0.0625,0,0,175,166.72959259832515,-74.37958413202794,356.39410826098646,False
sparse_tuning,S4_step_fault,rls,10,20,detect_ph_h3p75,6f1b5da9a153430a4f2a1c7771a754cf1156da4ed215d24e8368d40961a64c65,771106946f82c9305a6ff7d0e77b3ffae8118ab7,0,2,0.0,2,2,0.125,0,0,175,166.72959259832515,-74.37958413202794,356.39410826098646,False
sparse_tuning,S4_step_fault,rls,10,20,detect_adwin_d05,6c611810c3e6a463cd706bdcbdeeaebb370da34b3c93d6ca2806dc82a4f4f959,771106946f82c9305a6ff7d0e77b3ffae8118ab7,0,2,0.0,1,1,0.0625,0,0,175,166.72959259832515,-74.37958413202794,356.39410826098646,False
sparse_tuning,S4_step_fault,rls,10,20,detect_ks_a01,c146e7f1d58712e2ed21bafe8db3371f50ec8c1b4230d87b61b63b0c6739831a,771106946f82c9305a6ff7d0e77b3ffae8118ab7,0,2,0.0,0,0,0.0,0,0,175,166.72959259832515,-74.37958413202794,356.39410826098646,False
sparse_tuning,S4_step_fault,rls,10,50,detect_cusum_h24,25c7a0718774be449f34553eb638b6ed5235b58fd7bb9b689fec43b786a22e03,771106946f82c9305a6ff7d0e77b3ffae8118ab7,0,2,0.0,0,0,0.0,0,0,70,175.1852121467578,-87.53400748140025,375.09482023670785,False
sparse_tuning,S4_step_fault,rls,10,50,detect_cusum,89d3312dc307985ca2049116383da2be51d47885fb8986c82679b064cf156688,771106946f82c9305a6ff7d0e77b3ffae8118ab7,0,2,0.0,0,0,0.0,0,0,70,175.1852121467578,-87.53400748140025,375.09482023670785,False
sparse_tuning,S4_step_fault,rls,10,50,detect_cusum_h6,66083910189a8bd6d60aa139f42319b42e63ec9b048b58bc17f798bcf5b5eac5,771106946f82c9305a6ff7d0e77b3ffae8118ab7,0,2,0.0,0,0,0.0,0,0,70,175.1852121467578,-87.53400748140025,375.09482023670785,False
sparse_tuning,S4_step_fault,rls,10,50,detect_ph,05ba5b356c8ac04dfaccc2a13c1bc8f67e2306b47ba681cc4bd071bd9cde815d,771106946f82c9305a6ff7d0e77b3ffae8118ab7,0,2,0.0,0,0,0.0,0,0,70,175.1852121467578,-87.53400748140025,375.09482023670785,False
sparse_tuning,S4_step_fault,rls,10,50,detect_ph_h7p5,4bfec442c9210f365e95c401ccf797bff6738e8c5fb3640dbf491f8734d2d4c8,771106946f82c9305a6ff7d0e77b3ffae8118ab7,0,2,0.0,0,0,0.0,0,0,70,175.1852121467578,-87.53400748140025,375.09482023670785,False
sparse_tuning,S4_step_fault,rls,10,50,detect_ph_h3p75,b305dc18838931f404bb0b14db5e9978022ffd09691117e24a386787e6862863,771106946f82c9305a6ff7d0e77b3ffae8118ab7,0,2,0.0,0,0,0.0,0,0,70,175.1852121467578,-87.53400748140025,375.09482023670785,False
sparse_tuning,S4_step_fault,rls,10,50,detect_adwin_d05,79a6b83d141723908bfb604522e895691481e5d3a943ff1e1b79b26bc63b9431,771106946f82c9305a6ff7d0e77b3ffae8118ab7,0,2,0.0,0,0,0.0,0,0,70,175.1852121467578,-87.53400748140025,375.09482023670785,False
sparse_tuning,S4_step_fault,rls,10,50,detect_ks_a01,034fbcd9b26d7677815232a0512830eb166d7c1cb9123c540bfaebedcc349f14,771106946f82c9305a6ff7d0e77b3ffae8118ab7,0,2,0.0,0,0,0.0,0,0,70,175.1852121467578,-87.53400748140025,375.09482023670785,False
