scenario,n,mean_kg,median_kg,p10,p90,max_kg,mean_ge3500,n_ge3500
H1_warm_front,11188.7,6275.6,1554.9,1216.6,21832.7,50153.4,24895.6,2205.0
H2_gain_jolt,5506.3,6224.7,1556.4,1218.6,21626.7,48347.2,24723.7,1080.3
H3_slow_fade,6751.0,6216.1,1554.8,1217.9,21642.6,48861.0,24618.2,1328.7
H4_pileup,4980.3,6244.2,1556.4,1219.7,21645.6,48220.6,24801.9,977.7
S1_nominal,1451.7,6074.8,1555.9,1222.4,21616.2,44558.3,24532.3,277.3
S2_thermal_cycle,13010.7,6282.9,1554.5,1216.8,21786.1,50703.8,24892.4,2569.0
S3_zero_drift_walk,4811.0,6242.1,1557.0,1220.8,21650.9,48220.6,24800.8,943.7
S4_step_fault,3525.3,6192.2,1557.7,1222.1,21588.7,48220.6,24707.8,686.3
S5_outage,1451.7,6074.8,1555.9,1222.4,21616.2,44558.3,24532.3,277.3
S6_combined,9597.0,6228.3,1554.4,1217.1,21713.8,48891.7,24770.8,1881.3
S7_sparse_reference,7207.0,6201.7,1553.5,1216.7,21671.4,48861.0,24669.7,1411.0
