family,stage,comparison,seeds,median_paired_diff,signs,p,p_holm,rb_rank
1.2 dev,10 seeds,S1_nominal / static -> kalman corrected R,10,-0.0,+4/-6,0.10546875,0.52734375,-0.6
1.2 dev,10 seeds,S2_thermal_cycle / static -> kalman corrected R,10,-0.953,+2/-8,0.064453125,0.38671875,-0.673
1.2 dev,10 seeds,S3_zero_drift_walk / static -> kalman corrected R,10,-0.066,+4/-6,0.322265625,1.0,-0.382
1.2 dev,10 seeds,S5_outage / static -> kalman corrected R,10,-0.116,+4/-6,0.625,1.0,-0.2
1.2 dev,10 seeds,S6_combined / static -> kalman corrected R,10,-4.539,+3/-7,0.375,1.0,-0.345
1.2 dev,10 seeds,S1_nominal / kalman shipped R -> kalman corrected R,10,-0.005,+2/-8,0.322265625,1.0,-0.382
1.2 dev,10 seeds,S5_outage / kalman shipped R -> kalman corrected R,10,-1.68,+1/-9,0.005859375,0.046875,-0.927
1.2 dev,10 seeds,S7_sparse_reference / kalman shipped R -> kalman corrected R,10,6.652,+9/-1,0.005859375,0.046875,0.927
1.2 dev,30 seeds,S1_nominal / static -> kalman corrected R,30,-0.0,+13/-17,0.15188691951334476,0.18389925360679626,-0.303
1.2 dev,30 seeds,S2_thermal_cycle / static -> kalman corrected R,30,-1.443,+4/-26,3.7904828786849976e-06,2.2742897272109985e-05,-0.871
1.2 dev,30 seeds,S3_zero_drift_walk / static -> kalman corrected R,30,-0.732,+8/-22,0.0007978975772857666,0.003989487886428833,-0.673
1.2 dev,30 seeds,S5_outage / static -> kalman corrected R,30,-0.403,+11/-19,0.027741437777876854,0.09914420545101166,-0.458
1.2 dev,30 seeds,S6_combined / static -> kalman corrected R,30,-4.722,+10/-20,0.09194962680339813,0.18389925360679626,-0.355
1.2 dev,30 seeds,S1_nominal / kalman shipped R -> kalman corrected R,30,-0.007,+8/-22,0.024786051362752914,0.09914420545101166,-0.467
1.2 dev,30 seeds,S5_outage / kalman shipped R -> kalman corrected R,30,-2.373,+3/-27,1.1920928955078125e-06,8.344650268554688e-06,-0.901
1.2 dev,30 seeds,S7_sparse_reference / kalman shipped R -> kalman corrected R,30,7.37,+25/-5,6.910413503646851e-07,5.5283308029174805e-06,0.914
1.2 held-out,10 seeds,H3_slow_fade / static -> kalman corrected R,10,29.539,+7/-3,0.130859375,0.654296875,0.564
1.2 held-out,10 seeds,H4_pileup / static -> kalman corrected R,10,4.81,+5/-5,0.845703125,1.0,0.091
1.2 held-out,10 seeds,H1_warm_front / kalman shipped R -> kalman corrected R,10,-0.446,+5/-5,0.76953125,1.0,0.127
1.2 held-out,10 seeds,H3_slow_fade / kalman shipped R -> kalman corrected R,10,-1.619,+5/-5,0.6953125,1.0,0.164
1.2 held-out,10 seeds,H4_pileup / kalman shipped R -> kalman corrected R,10,6.368,+7/-3,0.556640625,1.0,0.236
1.2 held-out,30 seeds,H3_slow_fade / static -> kalman corrected R,30,19.906,+17/-13,0.46454504504799843,1.0,0.157
1.2 held-out,30 seeds,H4_pileup / static -> kalman corrected R,30,-2.676,+15/-15,0.7456546742469072,1.0,0.071
1.2 held-out,30 seeds,H1_warm_front / kalman shipped R -> kalman corrected R,30,4.766,+16/-14,0.3492113798856735,1.0,0.2
1.2 held-out,30 seeds,H3_slow_fade / kalman shipped R -> kalman corrected R,30,-3.895,+14/-16,0.9838335812091827,1.0,-0.006
1.2 held-out,30 seeds,H4_pileup / kalman shipped R -> kalman corrected R,30,7.159,+19/-11,0.12413446232676506,0.6206723116338253,0.325
1.2 front end B,10 seeds,S1_nominal / static -> kalman corrected R,10,-0.005,+1/-9,0.00390625,0.03515625,-0.964
1.2 front end B,10 seeds,S2_thermal_cycle / static -> kalman corrected R,10,-1.443,+1/-9,0.009765625,0.068359375,-0.891
1.2 front end B,10 seeds,S3_zero_drift_walk / static -> kalman corrected R,10,-0.354,+4/-6,0.275390625,1.0,-0.418
1.2 front end B,10 seeds,S5_outage / static -> kalman corrected R,10,-0.708,+2/-8,0.275390625,1.0,-0.418
1.2 front end B,10 seeds,S6_combined / static -> kalman corrected R,10,-0.364,+4/-6,0.921875,1.0,0.055
1.2 front end B,10 seeds,S7_sparse_reference / static -> kalman corrected R,10,-16.288,+1/-9,0.005859375,0.046875,-0.927
1.2 front end B,10 seeds,S1_nominal / kalman shipped R -> kalman corrected R,10,-0.006,+4/-6,0.845703125,1.0,0.091
1.2 front end B,10 seeds,S5_outage / kalman shipped R -> kalman corrected R,10,-2.423,+2/-8,0.009765625,0.068359375,-0.891
1.2 front end B,10 seeds,S6_combined / kalman shipped R -> kalman corrected R,10,-10.69,+3/-7,0.02734375,0.13671875,-0.782
1.2 front end B,30 seeds,S1_nominal / static -> kalman corrected R,30,-0.002,+9/-21,0.0014574769884347916,0.005829907953739166,-0.643
1.2 front end B,30 seeds,S2_thermal_cycle / static -> kalman corrected R,30,-1.995,+3/-27,2.0489096641540527e-07,1.8440186977386475e-06,-0.94
1.2 front end B,30 seeds,S3_zero_drift_walk / static -> kalman corrected R,30,-0.856,+6/-24,0.00012333691120147705,0.0006166845560073853,-0.755
1.2 front end B,30 seeds,S5_outage / static -> kalman corrected R,30,-1.092,+8/-22,0.002560090273618698,0.007680270820856094,-0.613
1.2 front end B,30 seeds,S6_combined / static -> kalman corrected R,30,-3.68,+12/-18,0.4399667661637068,0.8799335323274136,-0.166
1.2 front end B,30 seeds,S7_sparse_reference / static -> kalman corrected R,30,-8.892,+3/-27,2.7623027563095093e-06,1.6573816537857056e-05,-0.88
1.2 front end B,30 seeds,S1_nominal / kalman shipped R -> kalman corrected R,30,-0.032,+13/-17,0.8393927440047264,0.8799335323274136,-0.045
1.2 front end B,30 seeds,S5_outage / kalman shipped R -> kalman corrected R,30,-2.609,+3/-27,1.1920928955078125e-06,9.5367431640625e-06,-0.901
1.2 front end B,30 seeds,S6_combined / kalman shipped R -> kalman corrected R,30,-12.536,+4/-26,1.6838312149047852e-06,1.1786818504333496e-05,-0.892
1.3 dev,10 seeds,S1_nominal / static -> periodic,10,0.005,+7/-3,0.275390625,0.966796875,0.418
1.3 dev,10 seeds,S2_thermal_cycle / static -> periodic,10,2.637,+9/-1,0.00390625,0.06640625,0.964
1.3 dev,10 seeds,S3_zero_drift_walk / static -> periodic,10,2.015,+9/-1,0.01953125,0.2734375,0.818
1.3 dev,10 seeds,S5_outage / static -> periodic,10,0.823,+8/-2,0.037109375,0.37109375,0.745
1.3 dev,10 seeds,S6_combined / static -> periodic,10,-9.388,+1/-9,0.00390625,0.06640625,-0.964
1.3 dev,10 seeds,S1_nominal / rls 0.99 -> periodic,10,0.008,+8/-2,0.01953125,0.2734375,0.818
1.3 dev,10 seeds,S4_step_fault / rls 0.99 -> periodic,10,9.37,+9/-1,0.00390625,0.06640625,0.964
1.3 dev,10 seeds,S5_outage / rls 0.99 -> periodic,10,2.198,+8/-2,0.02734375,0.30078125,0.782
1.3 dev,10 seeds,S6_combined / rls 0.99 -> periodic,10,11.756,+8/-2,0.01953125,0.2734375,0.818
1.3 dev,10 seeds,S1_nominal / static -> rls 1.0,10,-0.001,+3/-7,0.232421875,0.966796875,-0.455
1.3 dev,10 seeds,S2_thermal_cycle / static -> rls 1.0,10,-0.882,+3/-7,0.083984375,0.587890625,-0.636
1.3 dev,10 seeds,S3_zero_drift_walk / static -> rls 1.0,10,-0.101,+3/-7,0.232421875,0.966796875,-0.455
1.3 dev,10 seeds,S5_outage / static -> rls 1.0,10,-0.043,+4/-6,0.6953125,0.966796875,-0.164
1.3 dev,10 seeds,S6_combined / static -> rls 1.0,10,-16.614,+1/-9,0.037109375,0.37109375,-0.745
1.3 dev,10 seeds,S1_nominal / rls 0.99 -> rls 1.0,10,-0.001,+3/-7,0.193359375,0.966796875,-0.491
1.3 dev,10 seeds,S3_zero_drift_walk / rls 0.99 -> rls 1.0,10,-0.552,+1/-9,0.083984375,0.587890625,-0.636
1.3 dev,10 seeds,S5_outage / rls 0.99 -> rls 1.0,10,-0.094,+2/-8,0.048828125,0.390625,-0.709
1.3 dev,30 seeds,S1_nominal / static -> periodic,30,0.008,+23/-7,0.018529480323195457,0.1297063622623682,0.488
1.3 dev,30 seeds,S2_thermal_cycle / static -> periodic,30,2.491,+24/-6,0.022098854184150696,0.13259312510490417,0.475
1.3 dev,30 seeds,S3_zero_drift_walk / static -> periodic,30,1.522,+21/-9,0.04048972204327583,0.20244861021637917,0.428
1.3 dev,30 seeds,S5_outage / static -> periodic,30,0.226,+17/-13,0.31839608028531075,0.6367921605706215,0.213
1.3 dev,30 seeds,S6_combined / static -> periodic,30,-13.918,+3/-27,1.6391277313232422e-07,2.6226043701171875e-06,-0.944
1.3 dev,30 seeds,S1_nominal / rls 0.99 -> periodic,30,0.005,+27/-3,4.968419671058655e-05,0.000546526163816452,0.789
1.3 dev,30 seeds,S4_step_fault / rls 0.99 -> periodic,30,10.336,+29/-1,3.725290298461914e-09,6.332993507385254e-08,0.996
1.3 dev,30 seeds,S5_outage / rls 0.99 -> periodic,30,1.701,+22/-8,0.000283263623714447,0.00283263623714447,0.72
1.3 dev,30 seeds,S6_combined / rls 0.99 -> periodic,30,13.276,+26/-4,5.718320608139038e-07,8.577480912208557e-06,0.918
1.3 dev,30 seeds,S1_nominal / static -> rls 1.0,30,-0.0,+14/-16,0.7921590935438871,0.7921590935438871,-0.058
1.3 dev,30 seeds,S2_thermal_cycle / static -> rls 1.0,30,-1.478,+5/-25,5.973502993583679e-06,8.362904191017151e-05,-0.858
1.3 dev,30 seeds,S3_zero_drift_walk / static -> rls 1.0,30,-1.001,+7/-23,0.0005054883658885956,0.00454939529299736,-0.695
1.3 dev,30 seeds,S5_outage / static -> rls 1.0,30,-0.691,+11/-19,0.01453801617026329,0.11630412936210632,-0.505
1.3 dev,30 seeds,S6_combined / static -> rls 1.0,30,-17.148,+5/-25,3.453157842159271e-05,0.00041437894105911255,-0.802
1.3 dev,30 seeds,S1_nominal / rls 0.99 -> rls 1.0,30,-0.001,+9/-21,0.06989291124045849,0.27957164496183395,-0.381
1.3 dev,30 seeds,S3_zero_drift_walk / rls 0.99 -> rls 1.0,30,-0.474,+3/-27,3.049522638320923e-05,0.00039643794298171997,-0.806
1.3 dev,30 seeds,S5_outage / rls 0.99 -> rls 1.0,30,-0.094,+10/-20,0.15188691951334476,0.4556607585400343,-0.303
1.3 held-out,10 seeds,H1_warm_front / static -> periodic,10,34.944,+8/-2,0.10546875,0.6328125,0.6
1.3 held-out,10 seeds,H3_slow_fade / static -> periodic,10,15.512,+7/-3,0.431640625,1.0,0.309
1.3 held-out,10 seeds,H4_pileup / static -> periodic,10,-20.697,+3/-7,0.083984375,0.587890625,-0.636
1.3 held-out,10 seeds,H1_warm_front / rls 0.99 -> periodic,10,10.126,+8/-2,0.10546875,0.6328125,0.6
1.3 held-out,10 seeds,H2_gain_jolt / rls 0.99 -> periodic,10,8.017,+9/-1,0.005859375,0.064453125,0.927
1.3 held-out,10 seeds,H4_pileup / rls 0.99 -> periodic,10,12.622,+9/-1,0.00390625,0.046875,0.964
1.3 held-out,10 seeds,H1_warm_front / static -> rls 1.0,10,7.447,+6/-4,0.845703125,1.0,0.091
1.3 held-out,10 seeds,H2_gain_jolt / static -> rls 1.0,10,-25.453,+1/-9,0.005859375,0.064453125,-0.927
1.3 held-out,10 seeds,H3_slow_fade / static -> rls 1.0,10,13.836,+6/-4,0.921875,1.0,0.055
1.3 held-out,10 seeds,H4_pileup / static -> rls 1.0,10,-24.669,+2/-8,0.01953125,0.17578125,-0.818
1.3 held-out,10 seeds,H1_warm_front / rls 0.99 -> rls 1.0,10,-10.954,+2/-8,0.01953125,0.17578125,-0.818
1.3 held-out,10 seeds,H3_slow_fade / rls 0.99 -> rls 1.0,10,10.708,+7/-3,0.16015625,0.640625,0.527
1.3 held-out,30 seeds,H1_warm_front / static -> periodic,30,37.81,+22/-8,0.026228994131088257,0.15737396478652954,0.462
1.3 held-out,30 seeds,H3_slow_fade / static -> periodic,30,-2.096,+15/-15,0.6408254038542509,0.8799335323274136,-0.101
1.3 held-out,30 seeds,H4_pileup / static -> periodic,30,-14.088,+11/-19,0.036434996873140335,0.18217498436570168,-0.437
1.3 held-out,30 seeds,H1_warm_front / rls 0.99 -> periodic,30,10.795,+24/-6,7.056817412376404e-05,0.0006351135671138763,0.776
1.3 held-out,30 seeds,H2_gain_jolt / rls 0.99 -> periodic,30,8.017,+25/-5,2.348795533180237e-06,2.3487955331802368e-05,0.884
1.3 held-out,30 seeds,H4_pileup / rls 0.99 -> periodic,30,13.836,+27/-3,5.718320608139038e-07,6.290152668952942e-06,0.918
1.3 held-out,30 seeds,H1_warm_front / static -> rls 1.0,30,8.092,+17/-13,0.4399667661637068,0.8799335323274136,0.166
1.3 held-out,30 seeds,H2_gain_jolt / static -> rls 1.0,30,-24.257,+3/-27,3.1478703022003174e-07,3.777444362640381e-06,-0.931
1.3 held-out,30 seeds,H3_slow_fade / static -> rls 1.0,30,-26.415,+13/-17,0.17059839516878128,0.6823935806751251,-0.29
1.3 held-out,30 seeds,H4_pileup / static -> rls 1.0,30,-21.399,+7/-23,0.00018860027194023132,0.0015088021755218506,-0.738
1.3 held-out,30 seeds,H1_warm_front / rls 0.99 -> rls 1.0,30,-9.435,+10/-20,0.17059839516878128,0.6823935806751251,-0.29
1.3 held-out,30 seeds,H3_slow_fade / rls 0.99 -> rls 1.0,30,13.706,+21/-9,0.012047622352838516,0.08433335646986961,0.518
1.3 lambda,10 seeds,S2_thermal_cycle / static -> rls 0.995,10,-0.605,+3/-7,0.16015625,0.16796875,-0.527
1.3 lambda,10 seeds,S2_thermal_cycle / static -> rls 0.999,10,-0.905,+3/-7,0.083984375,0.16796875,-0.636
1.3 lambda,10 seeds,S7_sparse_reference / static -> rls 0.95,10,-18.9,+1/-9,0.00390625,0.015625,-0.964
1.3 lambda,10 seeds,S4_step_fault / rls 0.99 -> rls 0.95,10,-8.07,+1/-9,0.00390625,0.015625,-0.964
1.3 lambda,30 seeds,S2_thermal_cycle / static -> rls 0.995,30,-1.216,+7/-23,7.910653948783875e-05,7.910653948783875e-05,-0.772
1.3 lambda,30 seeds,S2_thermal_cycle / static -> rls 0.999,30,-1.466,+6/-24,6.917864084243774e-06,2.0753592252731323e-05,-0.854
1.3 lambda,30 seeds,S7_sparse_reference / static -> rls 0.95,30,-11.82,+7/-23,1.3966113328933716e-05,2.793222665786743e-05,-0.832
1.3 lambda,30 seeds,S4_step_fault / rls 0.99 -> rls 0.95,30,-7.248,+1/-29,3.725290298461914e-09,1.4901161193847656e-08,-0.996
1.2 Q-rescaled dev,10 seeds,S1_nominal / static -> kalman Q-rescaled,10,-0.002,+3/-7,0.193359375,0.80078125,-0.491
1.2 Q-rescaled dev,10 seeds,S2_thermal_cycle / static -> kalman Q-rescaled,10,0.989,+8/-2,0.10546875,0.6328125,0.6
1.2 Q-rescaled dev,10 seeds,S3_zero_drift_walk / static -> kalman Q-rescaled,10,1.062,+6/-4,0.375,0.80078125,0.345
1.2 Q-rescaled dev,10 seeds,S5_outage / static -> kalman Q-rescaled,10,0.044,+5/-5,0.6953125,0.80078125,0.164
1.2 Q-rescaled dev,10 seeds,S6_combined / static -> kalman Q-rescaled,10,21.773,+8/-2,0.02734375,0.21875,0.782
1.2 Q-rescaled dev,10 seeds,S1_nominal / kalman shipped R -> kalman Q-rescaled,10,-0.005,+2/-8,0.16015625,0.80078125,-0.527
1.2 Q-rescaled dev,10 seeds,S2_thermal_cycle / kalman shipped R -> kalman Q-rescaled,10,-0.117,+2/-8,0.01953125,0.1953125,-0.818
1.2 Q-rescaled dev,10 seeds,S3_zero_drift_walk / kalman shipped R -> kalman Q-rescaled,10,-0.354,+2/-8,0.009765625,0.1171875,-0.891
1.2 Q-rescaled dev,10 seeds,S4_step_fault / kalman shipped R -> kalman Q-rescaled,10,-0.577,+3/-7,0.064453125,0.451171875,-0.673
1.2 Q-rescaled dev,10 seeds,S5_outage / kalman shipped R -> kalman Q-rescaled,10,-1.176,+2/-8,0.01953125,0.1953125,-0.818
1.2 Q-rescaled dev,10 seeds,S7_sparse_reference / kalman shipped R -> kalman Q-rescaled,10,-0.349,+2/-8,0.009765625,0.1171875,-0.891
1.2 Q-rescaled dev,10 seeds,S1_nominal / kalman corrected R -> kalman Q-rescaled,10,-0.002,+3/-7,0.193359375,0.80078125,-0.491
1.2 Q-rescaled dev,30 seeds,S1_nominal / static -> kalman Q-rescaled,30,-0.001,+13/-17,0.3284698575735092,1.0,-0.209
1.2 Q-rescaled dev,30 seeds,S2_thermal_cycle / static -> kalman Q-rescaled,30,0.279,+17/-13,0.871207794174552,1.0,0.037
1.2 Q-rescaled dev,30 seeds,S3_zero_drift_walk / static -> kalman Q-rescaled,30,0.001,+15/-15,0.40449450351297855,1.0,-0.178
1.2 Q-rescaled dev,30 seeds,S5_outage / static -> kalman Q-rescaled,30,-0.195,+13/-17,0.18396909348666668,0.9198454674333334,-0.282
1.2 Q-rescaled dev,30 seeds,S6_combined / static -> kalman Q-rescaled,30,10.948,+20/-10,0.04048972204327583,0.242938332259655,0.428
1.2 Q-rescaled dev,30 seeds,S1_nominal / kalman shipped R -> kalman Q-rescaled,30,-0.007,+3/-27,2.6885420083999634e-05,0.00021508336067199707,-0.811
1.2 Q-rescaled dev,30 seeds,S2_thermal_cycle / kalman shipped R -> kalman Q-rescaled,30,-0.249,+4/-26,1.6391277313232422e-07,1.8030405044555664e-06,-0.944
1.2 Q-rescaled dev,30 seeds,S3_zero_drift_walk / kalman shipped R -> kalman Q-rescaled,30,-0.607,+4/-26,1.6391277313232422e-07,1.8030405044555664e-06,-0.944
1.2 Q-rescaled dev,30 seeds,S4_step_fault / kalman shipped R -> kalman Q-rescaled,30,-0.809,+8/-22,0.001038169488310814,0.007267186418175697,-0.66
1.2 Q-rescaled dev,30 seeds,S5_outage / kalman shipped R -> kalman Q-rescaled,30,-2.126,+4/-26,1.6838312149047852e-06,1.5154480934143066e-05,-0.892
1.2 Q-rescaled dev,30 seeds,S7_sparse_reference / kalman shipped R -> kalman Q-rescaled,30,-0.573,+2/-28,1.862645149230957e-08,2.2351741790771484e-07,-0.978
1.2 Q-rescaled dev,30 seeds,S1_nominal / kalman corrected R -> kalman Q-rescaled,30,-0.001,+13/-17,0.3284698575735092,1.0,-0.209
1.2 Q-rescaled held-out,10 seeds,H3_slow_fade / static -> kalman Q-rescaled,10,30.548,+7/-3,0.375,1.0,0.345
1.2 Q-rescaled held-out,10 seeds,H4_pileup / static -> kalman Q-rescaled,10,-4.783,+4/-6,0.375,1.0,-0.345
1.2 Q-rescaled held-out,10 seeds,H1_warm_front / kalman shipped R -> kalman Q-rescaled,10,-0.421,+3/-7,0.625,1.0,-0.2
1.2 Q-rescaled held-out,10 seeds,H2_gain_jolt / kalman shipped R -> kalman Q-rescaled,10,-0.448,+3/-7,0.048828125,0.341796875,-0.709
1.2 Q-rescaled held-out,10 seeds,H3_slow_fade / kalman shipped R -> kalman Q-rescaled,10,-5.087,+2/-8,0.01953125,0.15625,-0.818
1.2 Q-rescaled held-out,10 seeds,H4_pileup / kalman shipped R -> kalman Q-rescaled,10,-3.752,+2/-8,0.009765625,0.087890625,-0.891
1.2 Q-rescaled held-out,10 seeds,H1_warm_front / kalman corrected R -> kalman Q-rescaled,10,0.244,+5/-5,0.845703125,1.0,-0.091
1.2 Q-rescaled held-out,10 seeds,H3_slow_fade / kalman corrected R -> kalman Q-rescaled,10,-6.915,+4/-6,0.16015625,0.9609375,-0.527
1.2 Q-rescaled held-out,10 seeds,H4_pileup / kalman corrected R -> kalman Q-rescaled,10,-11.739,+3/-7,0.275390625,1.0,-0.418
1.2 Q-rescaled held-out,30 seeds,H3_slow_fade / static -> kalman Q-rescaled,30,21.387,+17/-13,0.8078304156661034,0.9542129635810852,0.054
1.2 Q-rescaled held-out,30 seeds,H4_pileup / static -> kalman Q-rescaled,30,-8.468,+12/-18,0.0803273618221283,0.4016368091106415,-0.368
1.2 Q-rescaled held-out,30 seeds,H1_warm_front / kalman shipped R -> kalman Q-rescaled,30,-0.736,+9/-21,0.17059839516878128,0.6823935806751251,-0.29
1.2 Q-rescaled held-out,30 seeds,H2_gain_jolt / kalman shipped R -> kalman Q-rescaled,30,-0.448,+9/-21,0.00466480478644371,0.03731843829154968,-0.578
1.2 Q-rescaled held-out,30 seeds,H3_slow_fade / kalman shipped R -> kalman Q-rescaled,30,-4.341,+8/-22,0.009301122277975082,0.06510785594582558,-0.535
1.2 Q-rescaled held-out,30 seeds,H4_pileup / kalman shipped R -> kalman Q-rescaled,30,-3.026,+3/-27,6.146728992462158e-08,5.532056093215942e-07,-0.961
1.2 Q-rescaled held-out,30 seeds,H1_warm_front / kalman corrected R -> kalman Q-rescaled,30,-2.764,+14/-16,0.22855282202363014,0.6856584660708904,-0.256
1.2 Q-rescaled held-out,30 seeds,H3_slow_fade / kalman corrected R -> kalman Q-rescaled,30,1.819,+16/-14,0.4771064817905426,0.9542129635810852,-0.153
1.2 Q-rescaled held-out,30 seeds,H4_pileup / kalman corrected R -> kalman Q-rescaled,30,-11.022,+8/-22,0.00993151031434536,0.06510785594582558,-0.531
1.3 held-out tuned lambda,10 seeds,H1_warm_front / static -> rls 0.999,10,10.672,+6/-4,0.625,0.625,0.2
1.3 held-out tuned lambda,10 seeds,H1_warm_front / rls 0.99 -> rls 0.999,10,-10.16,+2/-8,0.01953125,0.0390625,-0.818
1.3 held-out tuned lambda,30 seeds,H1_warm_front / static -> rls 0.999,30,12.589,+18/-12,0.370740607380867,0.370740607380867,0.191
1.3 held-out tuned lambda,30 seeds,H1_warm_front / rls 0.99 -> rls 0.999,30,-8.422,+10/-20,0.15794767439365387,0.31589534878730774,-0.299
