scenario,n_truck_crossings_available,truck_gross_cv,true_floor_kg,floor_est_kg,floor_est_over_true,floor_est_p05_kg,floor_est_p95_kg,true_share,est_share,true_decision,est_decision,p_same_decision_n20
S2_thermal_cycle,1072,0.022149837295755533,136.09037926745032,112.63891601134513,0.8276772878263685,91.90672900302235,129.5491309449684,0.019695547006107202,0.18862426910190302,do not adapt,adapt,0.017
S3_zero_drift_walk,394,0.0214508657860743,135.73477768833072,109.3415452106836,0.8055529104099591,87.49957571258292,127.7384751480838,0.024730886340357784,0.21436912705853395,do not adapt,adapt,0.011
S4_step_fault,284,0.02154577157413082,136.3596194451993,110.79089607068994,0.8124905050443838,89.64577773281627,130.59976496770915,0.2523690483819724,0.3925569505330555,adapt,adapt,1.0
S5_outage,112,0.02167504755908625,136.23743549748306,108.04594537063399,0.7930708984362091,88.56154753702569,125.6130835135823,0.019051929741162064,0.22203863260055776,do not adapt,adapt,0.002
S6_combined,787,0.029931550334676964,191.16341743405997,151.08521773360002,0.7903458714098133,126.4516018026281,175.8087472895714,0.7257089267805915,0.7832151827164736,adapt,adapt,1.0
S7_sparse_reference,584,0.025421571369699657,158.32437384015847,128.09687329128397,0.809078666691007,104.13847846403435,148.55363893629325,0.11570966343917431,0.2845395535276253,adapt,adapt,0.998
H1_warm_front,927,0.03414419197265101,197.05902345974954,173.366391421746,0.8797688549246114,144.22277905705,200.09803531479827,0.8247513097727209,0.8458216604717088,adapt,adapt,1.0
H2_gain_jolt,453,0.03293004063771593,248.35969635301706,167.3581908050045,0.6738540643370836,134.19771394033214,198.8543606142563,0.22823260979363905,0.4799414073866197,adapt,adapt,1.0
H3_slow_fade,545,0.019774986082043346,111.29354329105523,99.58015126126949,0.8947522768760013,82.9319743534685,114.13475574273338,0.6390211146355255,0.6770133204159754,adapt,adapt,1.0
H4_pileup,408,0.04651718011026549,340.9267411103016,236.96396591708202,0.6950583141274213,184.34118765337732,290.106560488602,0.6378880667749759,0.7483110901671933,adapt,adapt,1.0
