scenario,lam,median_mae,vs_frozen,vs_frozen_signs,recovered_pct,vs_099,vs_099_signs
S2_thermal_cycle,0.95,142.98837566384753,5.303054379248536,+10/-0,-280.7602094313829,4.765300358269414,+10/-0
S2_thermal_cycle,0.99,137.7324776448681,-0.04317268258435547,+5/-5,2.2856962303705206,0.0,+0/-0
S2_thermal_cycle,0.995,137.12376118156726,-0.6050761279664698,+3/-7,32.034614065916706,-0.5066000724453232,+0/-10
S2_thermal_cycle,0.999,136.95180582365026,-0.9047867389411408,+3/-7,47.90222693357512,-0.7833227390355546,+0/-10
S2_thermal_cycle,1.0,136.96820358910333,-0.8815456353744082,+3/-7,46.671770551617946,-0.8088354985540605,+0/-10
S4_step_fault,0.95,145.35554326168239,-38.0614538133222,+0/-10,80.8992713694929,-8.069718356729211,+1/-9
S4_step_fault,0.99,153.1861095102931,-28.38049161638392,+0/-10,60.32247491476094,0.0,+0/-0
S4_step_fault,0.995,156.9512214656271,-22.77504234266877,+0/-10,48.40814383938084,3.3919535999265094,+10/-0
S4_step_fault,0.999,160.40780160640045,-19.274026538986035,+0/-10,40.96676682419502,6.715828544646499,+10/-0
S4_step_fault,1.0,161.3303609394781,-18.497163781155578,+0/-10,39.31555214987323,7.6383878777241705,+10/-0
S7_sparse_reference,0.95,163.84164485265097,-18.89973238200895,+1/-9,83.3916458586889,3.2450779246945416,+10/-0
S7_sparse_reference,0.99,160.59656692795645,-21.9089111982521,+0/-10,96.66910233783422,0.0,+0/-0
S7_sparse_reference,0.995,162.89870105666006,-19.97099339822043,+0/-10,88.11839105700537,1.7761776847480348,+10/-0
S7_sparse_reference,0.999,167.19534188249247,-13.926511248248147,+0/-10,61.44820839719799,6.176932410776885,+10/-0
S7_sparse_reference,1.0,168.79254054979089,-11.441585725741632,+0/-10,50.483924619543025,7.753610574802863,+10/-0
