scenario,arm,total_ms,floor_ms,excess_ms,cross,cross_pct_total,signs,p,rho_ab,mae_minus_sum_of_maes,identity_err
S1_nominal,periodic_refit,2.0698988115159693,0.0,2.0698988115159693,0.0,0.0,+0/-0,1.0,,0.0,8.634938993658904e-17
S1_nominal,rls,2.012040957372321,0.0,2.012040957372321,0.0,0.0,+0/-0,1.0,,0.0,1.7271979832097037e-16
S1_nominal,static_affine,2.064749286747169,0.0,2.064749286747169,0.0,0.0,+0/-0,1.0,,0.0,5.397040143758353e-18
S2_thermal_cycle,periodic_refit,82313.58171009916,73217.20313906796,10173.379024109832,-748.8583377885107,-0.8541742481400482,+2/-8,0.083984375,-0.013225854436481606,-40.35621586877899,4.406408274312844e-16
S2_thermal_cycle,rls,77279.37215786359,73217.20313906796,4054.9109735764077,-671.334787311171,-0.8962918155966069,+1/-9,0.064453125,-0.021909590380518415,-26.498515396533307,3.1538962566644665e-16
S2_thermal_cycle,static_affine,77913.10028811835,73217.20313906796,4466.410569750118,-675.4024623880084,-0.8271941667178828,+2/-8,0.009765625,-0.01669512001273858,-29.952852599113882,3.137323775223891e-16
S3_zero_drift_walk,periodic_refit,79717.21721373424,70053.81164165193,10726.671686035275,-1276.7399300460008,-1.589634878453654,+1/-9,0.01953125,-0.02363839466340874,-39.58208774213885,3.291495835456599e-16
S3_zero_drift_walk,rls,73276.17085210297,70053.81164165193,3618.0077973802136,-847.743959815027,-1.150681727672084,+2/-8,0.01953125,-0.03290310855913687,-24.946781515397873,3.641053446035884e-16
S3_zero_drift_walk,static_affine,74416.75155153908,70053.81164165193,3866.421192743333,-914.7541224408703,-1.289688331719481,+1/-9,0.005859375,-0.03947309461325631,-31.633376575520714,3.3351713194697e-16
S4_step_fault,periodic_refit,121093.28436805287,71897.26383776098,59950.92430960589,-3061.0893220246835,-2.8314722119227467,+3/-7,1.0,-0.02857138802105135,-65.32781876859718,1.8265851887103573e-16
S4_step_fault,rls,109711.75595534543,71897.26383776098,41319.85341691386,-2669.9809544940326,-2.3239102077343454,+3/-7,0.322265625,-0.023311606148847815,-59.11813815308851,3.5695892074990166e-16
S4_step_fault,static_affine,166066.71316703153,71897.26383776098,92105.29313626017,-1726.6994330659331,-1.3208134762010255,+5/-5,0.6953125,-0.012504851671329753,-82.7332137633339,1.4914308642138982e-16
S5_outage,periodic_refit,77899.99855840579,71495.81614245358,3887.281179240717,-254.85877335519973,-0.3502280861396382,+2/-8,0.431640625,-0.008018426303345457,-27.893574848735,2.563716537300068e-16
S5_outage,rls,72503.95658510488,71495.81614245358,2038.2350315840272,223.27429311200046,0.31366748629392877,+6/-4,0.845703125,0.011018902338988688,-21.733039996350833,3.327092435847216e-16
S5_outage,static_affine,73389.53554550603,71495.81614245358,2343.2878047971235,-642.00799078268,-0.7927732293124783,+4/-6,0.16015625,-0.01934467803094948,-25.111923776147407,3.3532047063845585e-16
S6_combined,periodic_refit,12732458.433177747,139029.30361909617,12663461.094692182,-771.962869877927,-0.004590829119346034,+5/-5,0.921875,-0.00024486266214024063,-99.5600987157909,6.4336350051125e-16
S6_combined,rls,12424964.258350085,139029.30361909617,12227697.686755102,-5833.844752441339,-0.044504161065772894,+5/-5,0.921875,-0.002152812741708751,-100.24216236634214,1.1321888985198223e-16
S6_combined,static_affine,12818600.162481595,139029.30361909617,12748099.079417769,-5986.86837947962,-0.04193793187018001,+5/-5,0.921875,-0.002116580554322986,-99.47595256138726,4.151098425339827e-16
S7_sparse_reference,periodic_refit,115347.97867589412,97860.71383454211,19092.402790777778,-1599.1723900695242,-1.3706127667298413,+2/-8,0.16015625,-0.01919616924841026,-50.252023560247665,2.2689192446862016e-16
S7_sparse_reference,rls,107811.45133345126,97860.71383454211,13396.700344848356,-2068.7802486716737,-1.9155009510447165,+1/-9,0.005859375,-0.03063380137776181,-43.299418993927105,3.586976004356226e-16
S7_sparse_reference,static_affine,158950.77331150428,97860.71383454211,65803.57721288473,-3104.2499456695627,-2.0045638385997484,+2/-8,0.037109375,-0.020354567451599716,-72.0530047693499,3.0190638711611353e-16
