arm,coupling,seed,n_updates,posterior_corr,predicted_corr_kalman,corr_khat_ktrue,rms_dev_estimate_vs_true,rms_dev_constant_vs_true,mae_kg
kalman@default,off,1,1293,-0.2781109424150454,-0.5095217645281104,0.2663679817495608,0.006184886195109931,0.0012447614257139023,140.6263469964898
kalman@default,off,10,1303,-0.28770246767470475,-0.530506243385535,-0.026895334494574073,0.006544480870079118,0.0013467352600516466,143.01874793535293
kalman@default,off,2,1302,-0.29201131214600856,-0.5258125963703925,-0.21751766247731852,0.004897530419661714,0.0013035688162287788,137.68277386167858
kalman@default,off,3,1309,-0.2930904719272657,-0.5238242922107702,-0.036176903462460726,0.007400895173608604,0.0012831818282558207,136.4195768333312
kalman@default,off,4,1300,-0.2867265160066475,-0.5234004880870797,0.13520388219905516,0.006644716776120971,0.0012893877433309891,139.14221096511636
kalman@default,off,5,1304,-0.2817888268991502,-0.5219256680876299,-0.00508095290973364,0.007988851849247237,0.001185383765693938,139.76657746984424
kalman@default,off,6,1302,-0.2747562221404809,-0.5032403387659422,0.4192674295939304,0.005631324870398929,0.0012269897848007077,138.41037271381313
kalman@default,off,7,1276,-0.2846396500413461,-0.5194572160625054,0.06886091352470063,0.007008903319713233,0.00128542975642509,139.1741711811738
kalman@default,off,8,1292,-0.2841353031516311,-0.5187043557744349,-0.01621742437654034,0.007045149337025768,0.0012755177447253034,140.5738524893264
kalman@default,off,9,1283,-0.2912021800915839,-0.5251510430824201,0.2327958778343009,0.008469387670013043,0.0012461981917432266,138.62463926344293
kalman@default,on,1,1293,-0.2781109424141712,-0.5095217645281104,0.26640417032553654,0.006184638108614107,0.0012447614257139023,140.63321857335762
kalman@default,on,10,1303,-0.2877024676761794,-0.530506243385535,-0.026944799430129722,0.006543956115254388,0.0013467352600516466,143.0205363501178
kalman@default,on,2,1302,-0.2920113121543781,-0.5258125963703925,-0.21750657646770494,0.004897419121474313,0.0013035688162287788,137.6822472441872
kalman@default,on,3,1309,-0.29309047192521076,-0.5238242922107702,-0.03593545938096289,0.0074003737516246315,0.0012831818282558207,136.41701519032245
kalman@default,on,4,1300,-0.2867265160057073,-0.5234004880870797,0.13499055599906828,0.006645325656272042,0.0012893877433309891,139.14034368820128
kalman@default,on,5,1304,-0.2817888269009224,-0.5219256680876299,-0.005076057081563102,0.00798684216251918,0.001185383765693938,139.7674614138686
kalman@default,on,6,1302,-0.2747562217632647,-0.5032403387659422,0.4196956925532535,0.005629604898182237,0.0012269897848007077,138.4119073647777
kalman@default,on,7,1276,-0.28463965004209896,-0.5194572160625054,0.06879249464108637,0.007009614835863985,0.00128542975642509,139.17723110113275
kalman@default,on,8,1292,-0.28413530316240754,-0.5187043557744349,-0.01599420613530739,0.007044334418269114,0.0012755177447253034,140.5717936847051
kalman@default,on,9,1283,-0.2912021800911932,-0.5251510430824201,0.2328955742066186,0.008467856632273445,0.0012461981917432266,138.61791302938772
kalman@kr_floor,off,1,1293,-0.5089159968261139,-0.5095217645281104,0.2776406732482456,0.0014400381913053093,0.0012447614257139023,138.00182440266437
kalman@kr_floor,off,10,1303,-0.5315587133460166,-0.530506243385535,0.13010963108694126,0.0024821103504414294,0.0013467352600516466,141.6399479087286
kalman@kr_floor,off,2,1302,-0.5162582087601895,-0.5258125963703925,0.1847465688478176,0.0016013100534149637,0.0013035688162287788,136.039417653305
kalman@kr_floor,off,3,1309,-0.52976990418661,-0.5238242922107702,0.286605483801806,0.0023608921691669273,0.0012831818282558207,134.80549233383715
kalman@kr_floor,off,4,1300,-0.5251302868870817,-0.5234004880870797,0.25968534329432164,0.0022975801089508696,0.0012893877433309891,135.8572435293698
kalman@kr_floor,off,5,1304,-0.5291840642429466,-0.5219256680876299,-0.3298927919364004,0.002069321847558382,0.001185383765693938,137.9230324107395
kalman@kr_floor,off,6,1302,-0.5060467326938256,-0.5032403387659422,0.09447073434989302,0.0018705309799625642,0.0012269897848007077,137.32297810010883
kalman@kr_floor,off,7,1276,-0.5210531481815472,-0.5194572160625054,0.23225623476074445,0.0022617315655063678,0.00128542975642509,136.3479895193472
kalman@kr_floor,off,8,1292,-0.5121766713305204,-0.5187043557744349,-0.05041621147556315,0.0027042152110629144,0.0012755177447253034,138.32050662537227
kalman@kr_floor,off,9,1283,-0.5162406928526745,-0.5251510430824201,0.22737856728801298,0.0025265974333151062,0.0012461981917432266,136.63045593842727
kalman@kr_floor,on,1,1293,-0.5089163614360178,-0.5095217645281104,0.2777521002370711,0.0014402133977674022,0.0012447614257139023,138.0098670477075
kalman@kr_floor,on,10,1303,-0.5315586472611441,-0.530506243385535,0.1300723161484295,0.002481744241582282,0.0013467352600516466,141.6409856782128
kalman@kr_floor,on,2,1302,-0.5162580657723799,-0.5258125963703925,0.18471962084133717,0.00160121059942258,0.0013035688162287788,136.04014718547964
kalman@kr_floor,on,3,1309,-0.529769039445665,-0.5238242922107702,0.2866778180576347,0.0023598126215904876,0.0012831818282558207,134.8015559795098
kalman@kr_floor,on,4,1300,-0.5251303284101467,-0.5234004880870797,0.2595955303511093,0.0022973736739788555,0.0012893877433309891,135.85409313194566
kalman@kr_floor,on,5,1304,-0.5291846442575576,-0.5219256680876299,-0.33010102686576903,0.0020696043403123513,0.001185383765693938,137.92379207433916
kalman@kr_floor,on,6,1302,-0.5060469047775754,-0.5032403387659422,0.09483515166378872,0.00186982586048432,0.0012269897848007077,137.32464110065268
kalman@kr_floor,on,7,1276,-0.5210531899762799,-0.5194572160625054,0.23217942993447171,0.002262145397897592,0.00128542975642509,136.34882005218117
kalman@kr_floor,on,8,1292,-0.5121761818286468,-0.5187043557744349,-0.05059133252531586,0.002704344028007064,0.0012755177447253034,138.31987407067396
kalman@kr_floor,on,9,1283,-0.5162406110798253,-0.5251510430824201,0.22735884277583515,0.0025265262355140916,0.0012461981917432266,136.6231629159204
rls@default,off,1,1293,-0.5089503817374259,-0.5095217645281104,0.33259931572699025,0.004267552175798559,0.0012447614257139023,138.83742306218716
rls@default,off,10,1303,-0.5287280603686004,-0.530506243385535,-0.08455741967048355,0.005112510540191703,0.0013467352600516466,142.19883746710238
rls@default,off,2,1302,-0.5199860775443814,-0.5258125963703925,-0.1245244493179631,0.0037672199570915506,0.0013035688162287788,136.82027042035307
rls@default,off,3,1309,-0.5299053838905278,-0.5238242922107702,0.009199052676215885,0.005312409176550207,0.0012831818282558207,135.4372087528489
rls@default,off,4,1300,-0.523672410798257,-0.5234004880870797,0.13097944397269154,0.0041252596184586255,0.0012893877433309891,136.5039688070048
rls@default,off,5,1304,-0.521207347841687,-0.5219256680876299,-0.036328757496300546,0.004021554952211132,0.001185383765693938,138.9081541920054
rls@default,off,6,1302,-0.5033935806146091,-0.5032403387659422,0.2694519867864093,0.004831874941798062,0.0012269897848007077,137.57127879212038
rls@default,off,7,1276,-0.5176225128531253,-0.5194572160625054,0.1157875749026346,0.005764611552447409,0.00128542975642509,137.79491494556444
rls@default,off,8,1292,-0.5153213812543307,-0.5187043557744349,0.02816935517940437,0.005324474775292274,0.0012755177447253034,138.7864578726408
rls@default,off,9,1283,-0.5272226409914028,-0.5251510430824201,0.33105940631245107,0.0049701290570735406,0.0012461981917432266,137.67477093230525
rls@default,on,1,1293,-0.5089528444669509,-0.5095217645281104,0.3325821974809193,0.004267684009732404,0.0012447614257139023,138.8439827417722
rls@default,on,10,1303,-0.5287298854897068,-0.530506243385535,-0.08466381568781871,0.005112011124408618,0.0013467352600516466,142.20174275968702
rls@default,on,2,1302,-0.5199868631183182,-0.5258125963703925,-0.12457719541554024,0.003767208732157359,0.0013035688162287788,136.82038192496356
rls@default,on,3,1309,-0.529906718243608,-0.5238242922107702,0.009435176871332066,0.005312566685273605,0.0012831818282558207,135.43448269185998
rls@default,on,4,1300,-0.5236720590792976,-0.5234004880870797,0.1306696429409902,0.004125748144305945,0.0012893877433309891,136.50301029654048
rls@default,on,5,1304,-0.5212093305403032,-0.5219256680876299,-0.03629849177713217,0.004022017400130073,0.001185383765693938,138.90903846286108
rls@default,on,6,1302,-0.5033932029375771,-0.5032403387659422,0.2699406181857028,0.0048299326398085,0.0012269897848007077,137.57434645609
rls@default,on,7,1276,-0.5176216542949659,-0.5194572160625054,0.11567248297774696,0.005765390262528155,0.00128542975642509,137.7969827978087
rls@default,on,8,1292,-0.5153236139514059,-0.5187043557744349,0.028236049901807007,0.0053244024222225,0.0012755177447253034,138.7852045093529
rls@default,on,9,1283,-0.5272223460936222,-0.5251510430824201,0.33113250283274487,0.0049693524953666884,0.0012461981917432266,137.66797249192751
