scenario,share,snr,frozen_excess_kg,paired_diff_kg,recovered_pct
S1_nominal,1.0,inf,0.956414158593741,5.766731282413895e-05,-0.006029533576638995
S2_thermal_cycle,0.013706388757443,5.702415646382404,1.888819783255144,-0.04317268258435547,2.2856962303705206
S3_zero_drift_walk,0.0068920229621543,4.722349742782411,0.9257764250002651,-0.02775296992905396,2.9978047808946973
S4_step_fault,0.2584023693480209,133.9325296487962,47.047956265864684,-28.38049161638392,60.32247491476094
S5_outage,0.0121100995982142,2.433205930258595,1.6354056516937021,-0.0660011823018749,4.0357682654160465
S6_combined,0.7237552982888048,9076.72298400898,489.68887621948386,-26.277169441911497,5.366094824284672
S7_sparse_reference,0.1255503520321772,62.57979860474167,22.663819843579347,-21.9089111982521,96.66910233783422
H1_warm_front,0.8247580479549508,3685.919978824733,930.5376730507035,26.306463817267968,-2.8270176027397196
H2_gain_jolt,0.2241995868579935,118.64683713306144,71.00814687715837,-39.13517942552468,55.11364702028795
H3_slow_fade,0.5862990761464559,2075.51901242874,157.34551105109313,-0.5573282897734515,0.35420666662201516
H4_pileup,0.6473089112794727,3628.371929080043,621.0510126785333,-33.31912594480906,5.364957992920239
