scenario,arm,excess_ms_kg2,floor_ms_kg2,reducible_share_mae,variance_cost_kg2,snr
S1_nominal,rls_l099,2.064749286747169,0.0,1.0,0.0,inf
S1_nominal,periodic_refit,2.064749286747169,0.0,1.0,0.0,inf
S1_nominal,kalman_corrected,2.064749286747169,0.0,1.0,,inf
S1_nominal,kalman_shipped,2.064749286747169,0.0,1.0,,inf
S2_thermal_cycle,rls_l099,4196.129897131461,73217.20313906796,0.01370638875744302,735.8512878298294,5.702415646382404
S2_thermal_cycle,periodic_refit,4196.129897131461,73217.20313906796,0.01370638875744302,2440.573437968932,1.7193213004168066
S2_thermal_cycle,kalman_corrected,4196.129897131461,73217.20313906796,0.01370638875744302,367.7768202964818,11.409446342346339
S2_thermal_cycle,kalman_shipped,4196.129897131461,73217.20313906796,0.01370638875744302,1702.8022717271137,2.4642496470687822
S3_zero_drift_walk,rls_l099,3324.810044089274,70053.81164165193,0.006892022962154335,704.058408458814,4.722349742782411
S3_zero_drift_walk,periodic_refit,3324.810044089274,70053.81164165193,0.006892022962154335,2335.127054721731,1.4238240430499745
S3_zero_drift_walk,kalman_corrected,3324.810044089274,70053.81164165193,0.006892022962154335,652.4221339861766,5.096102463255361
S3_zero_drift_walk,kalman_shipped,3324.810044089274,70053.81164165193,0.006892022962154335,2518.8237441067135,1.3199851922423413
S4_step_fault,rls_l099,96777.7127700327,71897.26383776098,0.25840236934802097,722.5855662086537,133.9325296487962
S4_step_fault,periodic_refit,96777.7127700327,71897.26383776098,0.25840236934802097,2396.5754612586993,40.38166723079286
S4_step_fault,kalman_corrected,96777.7127700327,71897.26383776098,0.25840236934802097,814.5793973610405,118.80697337001094
S4_step_fault,kalman_shipped,96777.7127700327,71897.26383776098,0.25840236934802097,3175.582120309998,30.47558183146129
S5_outage,rls_l099,1748.3823500150393,71495.81614245358,0.012110099598214212,718.5509160045592,2.433205930258595
S5_outage,periodic_refit,1748.3823500150393,71495.81614245358,0.012110099598214212,2383.1938714151192,0.7336299287211852
S5_outage,kalman_corrected,1748.3823500150393,71495.81614245358,0.012110099598214212,1281.1066298222545,1.3647438154758564
S5_outage,kalman_shipped,1748.3823500150393,71495.81614245358,0.012110099598214212,6423.239342141795,0.27219635714711676
S6_combined,rls_l099,12682718.347841347,139029.30361909617,0.7237552982888048,1397.2794333577517,9076.722984008979
S6_combined,periodic_refit,12682718.347841347,139029.30361909617,0.7237552982888048,4634.310120636539,2736.7003971886393
S6_combined,kalman_corrected,12682718.347841347,139029.30361909617,0.7237552982888048,863.0726765516641,14694.844006085448
S6_combined,kalman_shipped,12682718.347841347,139029.30361909617,0.7237552982888048,3407.285384310946,3722.2354212651803
S7_sparse_reference,rls_l099,61548.781538511634,97860.71383454211,0.1255503520321772,983.524762156203,62.57979860474167
S7_sparse_reference,periodic_refit,61548.781538511634,97860.71383454211,0.1255503520321772,3262.023794484737,18.86828098635429
S7_sparse_reference,kalman_corrected,61548.781538511634,97860.71383454211,0.1255503520321772,707.6172778690947,86.98032603706127
S7_sparse_reference,kalman_shipped,61548.781538511634,97860.71383454211,0.1255503520321772,2333.8725994742213,26.371954301351945
H1_warm_front,rls_l099,6257944.211228222,168930.81037959654,0.8247580479549508,1697.7970892421777,3685.9199788247333
H1_warm_front,periodic_refit,6257944.211228222,168930.81037959654,0.8247580479549508,5631.027012653218,1111.3326569320814
H1_warm_front,kalman_corrected,6257944.211228222,168930.81037959654,0.8247580479549508,1020.4078757590265,6132.787054954151
H1_warm_front,kalman_shipped,6257944.211228222,168930.81037959654,0.8247580479549508,3649.2944844751996,1714.8367274416246
H2_gain_jolt,rls_l099,256200.26973282214,214855.511148829,0.22419958685799354,2159.3518708425045,118.64683713306144
H2_gain_jolt,periodic_refit,256200.26973282214,214855.511148829,0.22419958685799354,7161.850371627634,35.772915718511015
H2_gain_jolt,kalman_corrected,256200.26973282214,214855.511148829,0.22419958685799354,2118.8894363063987,120.91252395850573
H2_gain_jolt,kalman_shipped,256200.26973282214,214855.511148829,0.22419958685799354,6743.87140581291,37.99008823210792
H3_slow_fade,rls_l099,1093351.3002403823,52415.06038849309,0.5862990761464559,526.7845265175189,2075.51901242874
H3_slow_fade,periodic_refit,1093351.3002403823,52415.06038849309,0.5862990761464559,1747.1686796164363,625.7846268629372
H3_slow_fade,kalman_corrected,1093351.3002403823,52415.06038849309,0.5862990761464559,390.2896734350542,2801.3841376264863
H3_slow_fade,kalman_shipped,1093351.3002403823,52415.06038849309,0.5862990761464559,1326.0526655184904,824.5157441110221
H4_pileup,rls_l099,15641352.634215249,428929.1774724462,0.6473089112794727,4310.846004748207,3628.371929080043
H4_pileup,periodic_refit,15641352.634215249,428929.1774724462,0.6473089112794727,14297.63924908154,1093.981486154788
H4_pileup,kalman_corrected,15641352.634215249,428929.1774724462,0.6473089112794727,5410.567169951601,2890.8896503645415
H4_pileup,kalman_shipped,15641352.634215249,428929.1774724462,0.6473089112794727,15656.267349014059,999.0473645814595
