seed,k_ref,floor_mae_kg,thermal_rms_kg,thermal_mean_kg,d_mae_kg,d_mse_kg2,quadrature_claim_kg
10,deployment_mean,141.3158345617578,17.05944871878481,0.025979258198741976,-0.1224514446819569,6.190740233738325,1.0259719761492363
10,commissioning_60,141.3158345617578,23.945906413710006,-8.725154092767639,-0.0011727133431236325,308.5872487556626,2.014453695331298
1,deployment_mean,137.62291597841633,15.298998955706146,-0.15267569457051186,0.1647110556431528,468.64988767441537,0.8477537370470145
1,commissioning_60,137.62291597841633,23.777628174879318,-9.387768118283871,0.2771577943931902,668.310577891767,2.038970748152906
2,deployment_mean,134.3117856762007,15.816559627335883,0.05679752880136859,0.10956577029909909,301.1008201939403,0.9280728344275246
2,commissioning_60,134.3117856762007,22.750863620291227,-8.51601440089792,-0.00966130233689455,349.99772788208793,1.9132398036969391
3,deployment_mean,134.66174026113148,15.360615116403913,0.03577829951550599,0.1808159521733046,545.9549406666774,0.8732470554678287
3,commissioning_60,134.66174026113148,22.72701953613171,-8.621577918886684,0.20764246315278,655.9141521638376,1.9043672002447067
4,deployment_mean,135.4180840722609,15.878935628775675,0.0322886065454756,0.048012356347129526,159.09876513376366,0.9277926182526244
4,commissioning_60,135.4180840722609,23.35045835733981,-8.910981274261834,-0.1038255938143493,243.68539729451004,1.998441132314781
5,deployment_mean,137.22588484356362,,,,,
5,commissioning_60,137.22588484356362,,,,,
6,deployment_mean,136.6027081488235,,,,,
6,commissioning_60,136.6027081488235,,,,,
7,deployment_mean,135.77860367616594,15.5351459210094,0.1896067317032603,0.13130752122174272,196.6450908282568,0.8858393038440227
7,commissioning_60,135.77860367616594,22.38738979896468,-8.375466779943205,-0.004424862729166534,161.76416358134884,1.8332578702143394
8,deployment_mean,134.9552512235302,,,,,
8,commissioning_60,134.9552512235302,,,,,
9,deployment_mean,136.09444027578775,15.30625258057017,0.1741129358072222,0.14896900195770968,235.06415603634377,0.8580260840415406
9,commissioning_60,136.09444027578775,23.02905893696729,-9.002458901012028,0.11962262168950133,432.8553809850855,1.9346661818803454
